경보제약,A214390,20210705,0,13750,14000,13650,13800,199833
경보제약,A214390,20210702,0,13900,13950,13450,13600,188330
경보제약,A214390,20210701,0,13500,13950,13200,13900,342981
경보제약,A214390,20210630,0,13350,13850,13200,13400,272098
경보제약,A214390,20210629,0,13350,13400,13100,13250,144383
경보제약,A214390,20210628,0,12850,13350,12700,13300,284571
경보제약,A214390,20210625,0,12700,12900,12600,12700,115581
경보제약,A214390,20210624,0,13000,13200,12650,12700,222471
경보제약,A214390,20210623,0,12350,13000,12350,12850,293502
경보제약,A214390,20210622,0,12400,12500,12300,12300,58836
경보제약,A214390,20210621,0,12500,12500,12300,12350,47834
경보제약,A214390,20210618,0,12400,12550,12300,12500,77001
경보제약,A214390,20210617,0,12550,12600,12400,12450,62043
경보제약,A214390,20210616,0,12750,12750,12550,12550,67179
경보제약,A214390,20210615,0,12850,12850,12600,12800,83207
경보제약,A214390,20210614,0,12700,12850,12600,12850,78870
경보제약,A214390,20210611,0,12650,12750,12550,12700,102998
경보제약,A214390,20210610,0,12400,12750,12350,12600,133189
경보제약,A214390,20210609,0,12300,12600,12150,12350,160143
경보제약,A214390,20210608,0,12250,12300,12100,12250,95481
경보제약,A214390,20210607,0,12250,12350,12150,12200,77490
경보제약,A214390,20210604,0,12300,12350,12200,12250,67819
경보제약,A214390,20210603,0,12250,12400,12200,12350,71462
경보제약,A214390,20210602,0,12300,12350,12150,12200,95851
경보제약,A214390,20210601,0,12450,12450,12250,12350,76540
경보제약,A214390,20210531,0,12500,12550,12350,12400,57807
경보제약,A214390,20210528,0,12500,12650,12300,12450,109265
경보제약,A214390,20210527,0,12300,12500,12200,12400,64029
경보제약,A214390,20210526,0,12150,12450,12150,12300,72700
경보제약,A214390,20210525,0,12050,12250,12050,12200,84111
경보제약,A214390,20210524,0,12550,12600,12000,12000,189240
경보제약,A214390,20210521,0,12750,12850,12500,12500,102678
경보제약,A214390,20210520,0,12800,12850,12600,12600,102809
경보제약,A214390,20210518,0,12850,13050,12600,12800,138756
경보제약,A214390,20210517,0,13100,13400,12850,12850,249342
경보제약,A214390,20210514,0,13150,13250,13000,13100,123387
경보제약,A214390,20210513,0,13050,13400,13000,13050,202349
경보제약,A214390,20210512,0,13800,14000,13300,13450,246591
경보제약,A214390,20210511,0,13550,13750,13400,13750,159926
경보제약,A214390,20210510,0,13350,13950,13300,13700,247343
경보제약,A214390,20210507,0,13150,13500,12950,13350,166085
경보제약,A214390,20210506,0,12650,13300,12450,13200,248508
경보제약,A214390,20210504,0,13000,13150,12450,12750,409775
경보제약,A214390,20210503,0,14350,14450,13200,13200,725229
경보제약,A214390,20210430,0,14150,15900,13900,14250,5788662
경보제약,A214390,20210429,0,14200,14300,13650,14000,1078560
경보제약,A214390,20210428,0,13200,16700,12750,15000,7313951
경보제약,A214390,20210427,0,13600,13600,13200,13200,251085
경보제약,A214390,20210426,0,13350,13700,13250,13550,430334
경보제약,A214390,20210423,0,13200,13500,13000,13350,336892
경보제약,A214390,20210422,0,12950,13450,12800,13100,421644
경보제약,A214390,20210421,0,13200,13500,12700,12900,396619
경보제약,A214390,20210420,0,13500,13500,13200,13200,188441
경보제약,A214390,20210419,0,13150,13550,12850,13500,725666
경보제약,A214390,20210416,0,13650,13950,13150,13150,820857
경보제약,A214390,20210415,0,13200,13550,13000,13350,345381
경보제약,A214390,20210414,0,13150,13400,12950,13250,501562
경보제약,A214390,20210413,0,12750,13150,12600,12900,468799
경보제약,A214390,20210412,0,12600,12800,12450,12750,216767
경보제약,A214390,20210409,0,12450,12700,12350,12500,268200
경보제약,A214390,20210408,0,12000,12450,11950,12450,249540
경보제약,A214390,20210407,0,12050,12200,11950,12050,119464
경보제약,A214390,20210406,0,12250,12250,12000,12050,113826
경보제약,A214390,20210405,0,12200,12300,12100,12250,103579
경보제약,A214390,20210402,0,12300,12350,12150,12200,122176
경보제약,A214390,20210401,0,12300,12450,12150,12250,189750
경보제약,A214390,20210331,0,12150,12300,12000,12150,177704
경보제약,A214390,20210330,0,12200,12250,12000,12050,149135
경보제약,A214390,20210329,0,12300,12350,12000,12150,296465
경보제약,A214390,20210326,0,11700,12800,11600,12150,1074858
경보제약,A214390,20210325,0,11800,11900,11550,11650,245194
경보제약,A214390,20210324,0,11800,12000,11700,11800,211177
경보제약,A214390,20210323,0,12350,12450,11800,11850,487200
경보제약,A214390,20210322,0,12350,12550,12200,12350,576135
경보제약,A214390,20210319,0,12750,12800,12250,12350,874320
경보제약,A214390,20210318,0,12900,13750,12700,12900,3499479
경보제약,A214390,20210317,0,15050,16100,14050,16100,6741992
경보제약,A214390,20210316,0,12000,12650,11700,12400,197687
경보제약,A214390,20210315,0,11950,12100,11700,11950,62609
경보제약,A214390,20210312,0,11850,12050,11750,12000,72363
경보제약,A214390,20210311,0,11600,11850,11350,11700,96460
경보제약,A214390,20210310,0,11350,12050,11350,11600,168572
경보제약,A214390,20210309,0,11800,11900,11200,11300,218109
경보제약,A214390,20210308,0,12800,12850,11750,11800,207711
경보제약,A214390,20210305,0,12500,12750,12250,12600,114828
경보제약,A214390,20210304,0,12500,12850,12400,12750,155946
경보제약,A214390,20210303,0,12500,12750,12350,12650,78733
경보제약,A214390,20210302,0,12950,14000,12550,12550,251869
경보제약,A214390,20210226,0,12400,13000,12350,12850,119784
경보제약,A214390,20210225,0,12600,13100,12450,12850,156366
경보제약,A214390,20210224,0,12500,13100,12200,12200,224890
경보제약,A214390,20210223,0,12950,13100,12400,12550,201805
경보제약,A214390,20210222,0,13100,13500,13050,13050,122253
경보제약,A214390,20210219,0,13300,13400,12700,13200,185009
경보제약,A214390,20210218,0,13600,13750,13300,13350,119811
경보제약,A214390,20210217,0,13900,13900,13400,13650,161958
경보제약,A214390,20210216,0,14150,14250,13750,13850,189151
경보제약,A214390,20210215,0,14350,14350,14000,14100,131816
경보제약,A214390,20210210,0,14200,14350,13900,14300,117080
경보제약,A214390,20210209,0,14150,14400,14050,14150,149930
경보제약,A214390,20210208,0,14900,14900,14050,14100,174861
경보제약,A214390,20210205,0,15050,15200,14600,14850,107620
경보제약,A214390,20210204,0,14750,15600,14600,14750,378750
경보제약,A214390,20210203,0,14800,15200,14700,14800,106775
경보제약,A214390,20210202,0,14950,15100,14550,14750,126002
경보제약,A214390,20210201,0,14250,15100,14150,14750,138556
경보제약,A214390,20210129,0,15300,15500,14150,14400,276258
경보제약,A214390,20210128,0,15500,15750,15150,15250,165530
경보제약,A214390,20210127,0,16300,16600,15950,15950,175208
경보제약,A214390,20210126,0,16500,16900,16150,16200,255945
경보제약,A214390,20210125,0,16150,16350,15900,16300,202275
경보제약,A214390,20210122,0,16050,16600,15700,16150,258476
경보제약,A214390,20210121,0,15850,16500,15850,16050,262135
경보제약,A214390,20210120,0,15300,16550,15100,15750,506796
경보제약,A214390,20210119,0,15250,15650,14500,15200,315723
경보제약,A214390,20210118,0,15800,16350,15300,15300,380251
경보제약,A214390,20210115,0,16700,16850,15950,15950,555256
경보제약,A214390,20210114,0,16250,18500,16000,16750,3452123
경보제약,A214390,20210113,0,15750,16150,15700,16000,194512
경보제약,A214390,20210112,0,15950,16400,15700,15800,259602
경보제약,A214390,20210111,0,16600,16850,15800,15800,440854
경보제약,A214390,20210108,0,17800,17900,16750,16900,560348
경보제약,A214390,20210107,0,17900,18200,17300,17700,997854
경보제약,A214390,20210106,0,16650,18700,16450,17900,1556215
경보제약,A214390,20210105,0,16800,17300,16050,16500,780111
경보제약,A214390,20210104,0,16600,18000,16300,16800,962458
경보제약,A214390,20201230,0,16100,17550,15950,16350,1062568
경보제약,A214390,20201229,0,15550,16550,15550,16150,498184
경보제약,A214390,20201228,0,16600,17150,15300,15650,899065
경보제약,A214390,20201224,0,17000,17550,16400,16850,682876
경보제약,A214390,20201223,0,19500,20150,17000,17100,1952583
경보제약,A214390,20201222,0,20850,22600,19050,19400,6405778
경보제약,A214390,20201221,0,18500,19650,17550,19000,6213155
경보제약,A214390,20201218,0,16300,19950,15950,17700,8968293
경보제약,A214390,20201217,0,16400,16750,16000,16450,712274
경보제약,A214390,20201216,0,17250,17300,16250,16400,1039258
경보제약,A214390,20201215,0,18350,19000,17050,17100,3491700
경보제약,A214390,20201214,0,16850,18950,16400,17700,5802571
경보제약,A214390,20201211,0,17200,17600,16000,16850,2083648
경보제약,A214390,20201210,0,17150,19250,16600,16750,8935191
경보제약,A214390,20201209,0,16350,16850,16350,16600,467946
경보제약,A214390,20201208,0,17200,17200,16200,16200,488713
경보제약,A214390,20201207,0,16600,17200,16450,17150,971107
경보제약,A214390,20201204,0,16850,19050,15900,16250,13742361
경보제약,A214390,20201203,0,15600,16500,15200,15650,4355170
경보제약,A214390,20201202,0,15900,17950,14750,15650,24253522
경보제약,A214390,20201201,0,11500,14950,11150,14950,8159539
경보제약,A214390,20201130,0,11700,12100,11350,11500,1288706
경보제약,A214390,20201127,0,11250,11350,11050,11200,211318
경보제약,A214390,20201126,0,10850,11550,10800,11250,470329
경보제약,A214390,20201125,0,11200,11600,10850,10900,490134
경보제약,A214390,20201124,0,11050,11850,10950,11200,1256154
경보제약,A214390,20201123,0,11500,11600,10950,10950,915036
경보제약,A214390,20201120,0,10500,13550,10400,11450,7551729
경보제약,A214390,20201119,0,10150,10450,10100,10450,107253
경보제약,A214390,20201118,0,10050,10250,9990,10150,63669
경보제약,A214390,20201117,0,10250,10250,9900,10050,89572
경보제약,A214390,20201116,0,10400,10400,10100,10200,60262
경보제약,A214390,20201113,0,10250,10350,10050,10300,58310
경보제약,A214390,20201112,0,10100,10400,9990,10300,90768
경보제약,A214390,20201111,0,9910,10100,9750,9960,77910
경보제약,A214390,20201110,0,10150,10200,9900,9910,68983
경보제약,A214390,20201109,0,10050,10250,9970,10050,43114
경보제약,A214390,20201106,0,10100,10150,9940,10000,50445
경보제약,A214390,20201105,0,9830,10100,9820,10050,54638
경보제약,A214390,20201104,0,9950,9970,9750,9820,26361
경보제약,A214390,20201103,0,9640,9940,9630,9890,54398
경보제약,A214390,20201102,0,9600,9730,9520,9640,23675
경보제약,A214390,20201030,0,9630,9820,9460,9520,48167
경보제약,A214390,20201029,0,9080,9650,9080,9630,54617
경보제약,A214390,20201028,0,9360,9660,9360,9590,55238
경보제약,A214390,20201027,0,9480,9660,9310,9400,49275
경보제약,A214390,20201026,0,10050,10100,9520,9520,109122
경보제약,A214390,20201023,0,10100,10200,9930,10050,54510
경보제약,A214390,20201022,0,10300,10400,10000,10000,54933
경보제약,A214390,20201021,0,10300,10500,10150,10350,35348
경보제약,A214390,20201020,0,10300,10400,9990,10250,96127
경보제약,A214390,20201019,0,10350,10850,10150,10300,82903
경보제약,A214390,20201016,0,10700,10850,10150,10350,114655
경보제약,A214390,20201015,0,11200,11250,10550,10700,140068
경보제약,A214390,20201014,0,11350,11650,11100,11150,86148
경보제약,A214390,20201013,0,11650,11800,11250,11350,105406
경보제약,A214390,20201012,0,11350,11850,11200,11650,347919
경보제약,A214390,20201008,0,11050,12150,10950,11150,747823
경보제약,A214390,20201007,0,10800,11150,10800,10950,69543
경보제약,A214390,20201006,0,10850,11150,10800,10900,85237
경보제약,A214390,20201005,0,10650,10950,10600,10750,65287
경보제약,A214390,20200929,0,10650,10800,10450,10600,85810
경보제약,A214390,20200928,0,10350,10750,10300,10600,83366
경보제약,A214390,20200925,0,10250,10350,10000,10250,151080
경보제약,A214390,20200924,0,10150,10800,10100,10150,129848
경보제약,A214390,20200923,0,10700,10800,10050,10450,146808
경보제약,A214390,20200922,0,11100,11150,10400,10550,313814
경보제약,A214390,20200921,0,11700,11900,11100,11250,147633
경보제약,A214390,20200918,0,11750,11900,11500,11650,200592
경보제약,A214390,20200917,0,12150,12200,11750,11750,149978
경보제약,A214390,20200916,0,12400,12600,12000,12150,248979
경보제약,A214390,20200915,0,12800,12950,12400,12400,325540
경보제약,A214390,20200914,0,12950,13100,12550,12850,560704
경보제약,A214390,20200911,0,12550,14100,12400,12800,4049572
경보제약,A214390,20200910,0,12250,12250,11750,12100,334332
경보제약,A214390,20200909,0,12750,13150,11800,12000,807042
경보제약,A214390,20200908,0,12200,13200,12150,13200,1631392
경보제약,A214390,20200907,0,12250,12250,11950,12150,245527
경보제약,A214390,20200904,0,11700,12250,11650,12100,368314
경보제약,A214390,20200903,0,12000,12600,12000,12400,599728
경보제약,A214390,20200902,0,12000,12050,11600,12000,265922
경보제약,A214390,20200901,0,11750,11850,11450,11800,157116
경보제약,A214390,20200831,0,11550,12100,11450,11750,290764
경보제약,A214390,20200828,0,11400,11900,11350,11500,152499
경보제약,A214390,20200827,0,11850,11900,11200,11300,190351
경보제약,A214390,20200826,0,11550,12150,11250,11900,703806
경보제약,A214390,20200825,0,10850,11550,10750,11400,246437
경보제약,A214390,20200824,0,10800,11050,10450,10700,112196
경보제약,A214390,20200821,0,11300,11300,10550,10800,205796
경보제약,A214390,20200820,0,11500,11900,10800,11200,372691
경보제약,A214390,20200819,0,10800,11300,10800,11250,168858
경보제약,A214390,20200818,0,11300,11850,10550,10750,412111
경보제약,A214390,20200814,0,11300,11500,10900,11050,191118
경보제약,A214390,20200813,0,11600,11600,11300,11300,178309
경보제약,A214390,20200812,0,12050,12050,11350,11400,315788
경보제약,A214390,20200811,0,12150,12650,11900,12150,655543
경보제약,A214390,20200810,0,11900,12400,11650,12300,278116
경보제약,A214390,20200807,0,12400,12650,11900,11900,379823
경보제약,A214390,20200806,0,12600,13250,12200,12350,1297236
경보제약,A214390,20200805,0,11900,14250,11850,12300,6174916
경보제약,A214390,20200804,0,10400,12400,10400,11800,3038819
경보제약,A214390,20200803,0,10450,10550,10150,10450,169961
경보제약,A214390,20200731,0,10100,10650,10050,10450,268006
경보제약,A214390,20200730,0,10500,10550,10000,10200,202680
경보제약,A214390,20200729,0,10450,10750,10300,10400,226485
경보제약,A214390,20200728,0,10500,10750,10050,10750,400938
경보제약,A214390,20200727,0,11200,11850,10200,10400,912476
경보제약,A214390,20200724,0,10900,13450,10800,11250,4607981
경보제약,A214390,20200723,0,9820,11900,9700,10950,3667637
경보제약,A214390,20200722,0,9430,9680,9300,9660,169900
경보제약,A214390,20200721,0,9190,9730,9110,9330,307752
경보제약,A214390,20200720,0,8900,9160,8890,9060,71227
경보제약,A214390,20200717,0,8940,9060,8810,8880,37487
경보제약,A214390,20200716,0,9160,9200,8940,8940,61956
경보제약,A214390,20200715,0,9320,9390,9140,9190,37993
경보제약,A214390,20200714,0,9040,9360,8860,9310,154153
경보제약,A214390,20200713,0,9090,9090,8840,8970,43816
경보제약,A214390,20200710,0,8750,9030,8640,8950,86818
경보제약,A214390,20200709,0,8810,8810,8650,8720,38976
경보제약,A214390,20200708,0,8670,8790,8660,8720,31553
경보제약,A214390,20200707,0,8730,8840,8650,8670,30401
경보제약,A214390,20200706,0,8820,8820,8640,8750,45266
경보제약,A214390,20200703,0,8650,8740,8600,8710,31579
경보제약,A214390,20200702,0,8760,8850,8570,8670,79376
경보제약,A214390,20200701,0,9190,9190,8710,8760,64197
경보제약,A214390,20200630,0,9200,9310,8950,9090,59049
경보제약,A214390,20200629,0,9370,9420,9110,9200,46662
경보제약,A214390,20200626,0,9150,9420,9150,9370,68935
경보제약,A214390,20200625,0,9110,9280,9080,9150,44350
경보제약,A214390,20200624,0,9110,9360,9080,9200,105857
경보제약,A214390,20200623,0,9250,9320,8930,9110,103145
경보제약,A214390,20200622,0,9200,9380,9160,9200,84781
경보제약,A214390,20200619,0,9700,9700,9240,9270,144065
경보제약,A214390,20200618,0,10400,10600,9550,9610,788540
경보제약,A214390,20200617,0,9270,9590,9000,9500,278422
경보제약,A214390,20200616,0,8990,9400,8990,9250,134307
경보제약,A214390,20200615,0,9220,9790,8880,8880,267271
경보제약,A214390,20200612,0,8720,9260,8700,9250,139821
경보제약,A214390,20200611,0,9420,9620,9100,9210,224267
경보제약,A214390,20200610,0,8980,9720,8890,9420,569950
경보제약,A214390,20200609,0,8890,9170,8680,9050,308271
경보제약,A214390,20200608,0,8190,9690,8190,8920,1580960
경보제약,A214390,20200605,0,8120,8250,8080,8150,49344
경보제약,A214390,20200604,0,8140,8150,8070,8120,20238
경보제약,A214390,20200603,0,8170,8240,8050,8070,62164
경보제약,A214390,20200602,0,8060,8170,8060,8170,48869
경보제약,A214390,20200601,0,8040,8170,8020,8070,35753
경보제약,A214390,20200529,0,8040,8110,7920,8040,25515
경보제약,A214390,20200528,0,8140,8160,7900,8040,52657
경보제약,A214390,20200527,0,8180,8190,8040,8140,35801
경보제약,A214390,20200526,0,8050,8240,8020,8170,53862
경보제약,A214390,20200525,0,8090,8160,8010,8050,37433
경보제약,A214390,20200522,0,8140,8200,8000,8090,28516
경보제약,A214390,20200521,0,8170,8260,8070,8140,35476
경보제약,A214390,20200520,0,8160,8270,8070,8200,32559
경보제약,A214390,20200519,0,8450,8520,8030,8160,114725
경보제약,A214390,20200518,0,8300,8640,8150,8290,138052
경보제약,A214390,20200515,0,7950,8740,7880,8320,371038
경보제약,A214390,20200514,0,7810,7950,7800,7890,30596
경보제약,A214390,20200513,0,7770,7880,7770,7860,17508
경보제약,A214390,20200512,0,7960,8030,7740,7820,32602
경보제약,A214390,20200511,0,8150,8300,7940,7960,25286
경보제약,A214390,20200508,0,7960,8150,7840,8100,60678
경보제약,A214390,20200507,0,7910,7940,7760,7900,30779
경보제약,A214390,20200506,0,7700,7880,7670,7870,65702
경보제약,A214390,20200504,0,7720,7750,7520,7630,28257
경보제약,A214390,20200429,0,7640,7790,7600,7710,37736
경보제약,A214390,20200428,0,7720,7740,7630,7700,31897
경보제약,A214390,20200427,0,7580,7730,7570,7700,38914
경보제약,A214390,20200424,0,7700,7730,7440,7570,42943
경보제약,A214390,20200423,0,7460,7800,7410,7700,47572
경보제약,A214390,20200422,0,7430,7450,7300,7440,33943
경보제약,A214390,20200421,0,7660,7680,7320,7440,78421
경보제약,A214390,20200420,0,7610,7800,7600,7660,36641
경보제약,A214390,20200417,0,7610,7850,7520,7600,49920
경보제약,A214390,20200416,0,7690,7690,7440,7590,24445
경보제약,A214390,20200414,0,7550,7780,7550,7690,45139
경보제약,A214390,20200413,0,7700,7780,7440,7580,49975
경보제약,A214390,20200410,0,7800,7810,7500,7750,131430
경보제약,A214390,20200409,0,7330,7950,7280,7750,260409
경보제약,A214390,20200408,0,7210,7380,7090,7300,53532
경보제약,A214390,20200407,0,7340,7360,7000,7270,112807
경보제약,A214390,20200406,0,6890,7280,6890,7180,114243
경보제약,A214390,20200403,0,6600,6970,6600,6860,81306
경보제약,A214390,20200402,0,6520,6740,6330,6600,71657
경보제약,A214390,20200401,0,6850,7100,6580,6640,149304
경보제약,A214390,20200331,0,6530,6720,6300,6680,141102
경보제약,A214390,20200330,0,5990,6320,5780,6300,110458
경보제약,A214390,20200327,0,6100,6480,5640,5990,302824
경보제약,A214390,20200326,0,5580,5910,5550,5770,135669
경보제약,A214390,20200325,0,5400,5640,5380,5550,124881
경보제약,A214390,20200324,0,5000,5380,4880,5270,113066
경보제약,A214390,20200323,0,4705,5090,4700,4810,83171
경보제약,A214390,20200320,0,4670,5160,4670,5090,161718
경보제약,A214390,20200319,0,5920,6100,4580,4670,207586
경보제약,A214390,20200318,0,6220,6490,5810,6000,114720
경보제약,A214390,20200317,0,5680,6280,5680,6170,87585
경보제약,A214390,20200316,0,6430,6750,6200,6240,98858
경보제약,A214390,20200313,0,6710,6900,5820,6560,182943
경보제약,A214390,20200312,0,7500,7900,7070,7100,119901
경보제약,A214390,20200311,0,7770,7910,7590,7610,67395
경보제약,A214390,20200310,0,7900,8070,7700,7770,106369
경보제약,A214390,20200309,0,8270,8450,7820,8080,128056
경보제약,A214390,20200306,0,8430,8850,8250,8260,427573
경보제약,A214390,20200305,0,7900,8570,7800,8240,144563
경보제약,A214390,20200304,0,7650,7820,7570,7820,34056
경보제약,A214390,20200303,0,7600,7690,7570,7570,38028
경보제약,A214390,20200302,0,7530,7700,7480,7500,47796
경보제약,A214390,20200228,0,7980,8030,7480,7520,134182
경보제약,A214390,20200227,0,8030,8380,7960,8080,73163
경보제약,A214390,20200226,0,7950,8150,7950,8040,43806
경보제약,A214390,20200225,0,7980,8200,7940,8070,66289
경보제약,A214390,20200224,0,8700,8730,8070,8070,163949
경보제약,A214390,20200221,0,8600,8620,8330,8430,78185
경보제약,A214390,20200220,0,8220,8860,8220,8420,256983
경보제약,A214390,20200219,0,8050,8260,8050,8220,80213
경보제약,A214390,20200218,0,7980,8400,7980,8050,100170
경보제약,A214390,20200217,0,8090,8120,7960,8020,80227
경보제약,A214390,20200214,0,8150,8160,8060,8090,28682
경보제약,A214390,20200213,0,8170,8210,8100,8160,49510
경보제약,A214390,20200212,0,8240,8250,8090,8130,51683
경보제약,A214390,20200211,0,8290,8450,8190,8240,57639
경보제약,A214390,20200210,0,8490,8490,8260,8320,65272
경보제약,A214390,20200207,0,8430,8680,8300,8490,83021
경보제약,A214390,20200206,0,8130,8690,8120,8450,201826
경보제약,A214390,20200205,0,8170,8180,8020,8120,86918
경보제약,A214390,20200204,0,8000,8170,7990,8060,105337
경보제약,A214390,20200203,0,8150,8300,7970,7990,177735
경보제약,A214390,20200131,0,8710,8780,8350,8360,153065
경보제약,A214390,20200130,0,9230,9290,8630,8660,260466
경보제약,A214390,20200129,0,9600,9600,9130,9130,268639
경보제약,A214390,20200128,0,9500,10500,9200,9830,1408036
경보제약,A214390,20200123,0,8950,9150,8750,8980,199694
경보제약,A214390,20200122,0,8620,9160,8620,8870,513244
경보제약,A214390,20200121,0,8840,9000,8430,8460,152990
경보제약,A214390,20200120,0,8130,8940,8100,8740,509349
경보제약,A214390,20200117,0,8140,8140,8040,8140,21695
경보제약,A214390,20200116,0,8120,8160,8050,8130,13764
경보제약,A214390,20200115,0,8160,8160,8070,8120,10676
경보제약,A214390,20200114,0,8070,8170,8070,8120,9331
경보제약,A214390,20200113,0,8050,8140,8010,8110,23231
경보제약,A214390,20200110,0,8150,8180,8050,8090,14154
경보제약,A214390,20200109,0,8070,8140,7970,8070,31105
경보제약,A214390,20200108,0,8170,8170,7910,7950,36035
경보제약,A214390,20200107,0,8140,8300,8130,8170,12877
경보제약,A214390,20200106,0,8220,8220,8040,8140,27949
경보제약,A214390,20200103,0,8230,8250,8150,8230,16866
경보제약,A214390,20200102,0,8260,8260,8160,8230,15571
경보제약,A214390,20191230,0,8150,8280,8140,8260,16476
경보제약,A214390,20191227,0,8170,8210,8100,8150,30707
경보제약,A214390,20191226,0,8370,8410,8190,8200,50830
경보제약,A214390,20191224,0,8330,8330,8190,8290,18186
경보제약,A214390,20191223,0,8390,8390,8260,8300,25736
경보제약,A214390,20191220,0,8450,8450,8220,8360,12970
경보제약,A214390,20191219,0,8430,8430,8270,8340,16359
경보제약,A214390,20191218,0,8410,8450,8300,8380,9822
경보제약,A214390,20191217,0,8400,8410,8320,8400,14369
경보제약,A214390,20191216,0,8390,8390,8270,8380,10509
경보제약,A214390,20191213,0,8370,8480,8210,8380,24290
경보제약,A214390,20191212,0,8200,8490,8110,8320,28283
경보제약,A214390,20191211,0,8130,8200,8100,8200,8381
경보제약,A214390,20191210,0,8080,8180,8070,8130,18283
경보제약,A214390,20191209,0,8290,8290,8120,8150,12660
경보제약,A214390,20191206,0,8300,8300,8130,8180,8867
경보제약,A214390,20191205,0,8290,8380,8090,8200,14484
경보제약,A214390,20191204,0,8300,8340,8220,8290,7711
경보제약,A214390,20191203,0,8410,8410,8260,8330,8728
경보제약,A214390,20191202,0,8450,8540,8220,8330,15349
경보제약,A214390,20191129,0,8550,8690,8280,8450,28436
경보제약,A214390,20191128,0,8300,8500,8240,8500,14024
경보제약,A214390,20191127,0,8330,8370,8200,8300,21405
경보제약,A214390,20191126,0,8170,8370,8150,8270,16822
경보제약,A214390,20191125,0,8060,8230,8060,8170,12842
경보제약,A214390,20191122,0,8260,8260,8080,8170,21611
경보제약,A214390,20191121,0,8370,8370,8100,8160,25443
경보제약,A214390,20191120,0,8460,8540,8250,8300,37923
경보제약,A214390,20191119,0,8580,8590,8480,8540,22738
경보제약,A214390,20191118,0,8570,8690,8500,8590,24819
경보제약,A214390,20191115,0,8540,8590,8490,8570,23003
경보제약,A214390,20191114,0,8660,8700,8530,8570,29888
경보제약,A214390,20191113,0,8740,8740,8590,8660,19826
경보제약,A214390,20191112,0,8680,8800,8500,8670,27458
경보제약,A214390,20191111,0,8840,8880,8610,8680,25895
경보제약,A214390,20191108,0,8960,8990,8790,8840,34087
경보제약,A214390,20191107,0,8750,8980,8750,8960,55675
경보제약,A214390,20191106,0,8670,8920,8670,8830,112799
경보제약,A214390,20191105,0,8580,8810,8500,8660,71718
경보제약,A214390,20191104,0,8460,8560,8350,8530,75614
경보제약,A214390,20191101,0,8400,8460,8290,8460,29606
경보제약,A214390,20191031,0,8320,8440,8290,8390,23837
경보제약,A214390,20191030,0,8400,8400,8250,8320,13482
경보제약,A214390,20191029,0,8400,8430,8280,8300,14964
경보제약,A214390,20191028,0,8270,8390,8270,8310,13749
경보제약,A214390,20191025,0,8450,8450,8300,8330,19612
경보제약,A214390,20191024,0,8500,8500,8360,8410,27590
경보제약,A214390,20191023,0,8470,8570,8410,8500,28109
경보제약,A214390,20191022,0,8460,8700,8310,8470,14282
경보제약,A214390,20191021,0,8550,8580,8360,8460,24668
경보제약,A214390,20191018,0,8750,8750,8500,8550,23125
경보제약,A214390,20191017,0,8700,8800,8540,8800,19286
경보제약,A214390,20191016,0,8480,8880,8480,8620,70058
경보제약,A214390,20191015,0,8400,8480,8340,8480,19359
경보제약,A214390,20191014,0,8440,8460,8340,8400,27357
경보제약,A214390,20191011,0,8300,8440,8270,8330,19038
경보제약,A214390,20191010,0,8280,8350,8190,8270,16758
경보제약,A214390,20191008,0,8220,8350,8220,8280,7671
경보제약,A214390,20191007,0,8300,8580,8190,8290,24043
경보제약,A214390,20191004,0,8210,8350,8180,8250,13944
경보제약,A214390,20191002,0,8370,8370,8220,8300,17683
경보제약,A214390,20191001,0,8440,8560,8290,8320,22540
경보제약,A214390,20190930,0,8200,8350,8190,8330,12859
경보제약,A214390,20190927,0,8470,8470,8280,8280,17187
경보제약,A214390,20190926,0,8420,8480,8230,8450,30509
경보제약,A214390,20190925,0,8600,8600,8330,8420,18876
경보제약,A214390,20190924,0,8550,8550,8420,8490,17743
경보제약,A214390,20190923,0,8520,8600,8450,8470,19887
경보제약,A214390,20190920,0,8650,8650,8490,8570,9193
경보제약,A214390,20190919,0,8650,8690,8590,8590,15674
경보제약,A214390,20190918,0,8580,8670,8580,8650,33041
경보제약,A214390,20190917,0,8430,8600,8430,8580,32668
경보제약,A214390,20190916,0,8530,8530,8380,8440,20904
경보제약,A214390,20190911,0,8330,8460,8330,8460,12733
경보제약,A214390,20190910,0,8390,8460,8300,8370,11642
경보제약,A214390,20190909,0,8590,8590,8370,8370,19107
경보제약,A214390,20190906,0,8500,8670,8370,8550,17608
경보제약,A214390,20190905,0,8510,8710,8410,8510,17986
경보제약,A214390,20190904,0,8570,8570,8450,8510,15176
경보제약,A214390,20190903,0,8430,8700,8430,8490,17085
경보제약,A214390,20190902,0,8380,8540,8350,8510,25936
경보제약,A214390,20190830,0,8300,8490,8210,8380,14076
경보제약,A214390,20190829,0,8260,8360,8260,8270,9896
경보제약,A214390,20190828,0,8470,8470,8160,8290,11597
경보제약,A214390,20190827,0,8340,8530,8270,8280,15951
경보제약,A214390,20190826,0,8370,8370,8190,8230,33411
경보제약,A214390,20190823,0,8440,8650,8430,8470,31856
경보제약,A214390,20190822,0,8420,8730,8420,8440,27283
경보제약,A214390,20190821,0,8390,8520,8120,8500,33199
경보제약,A214390,20190820,0,7980,8360,7980,8250,18741
경보제약,A214390,20190819,0,7830,8070,7830,8070,15786
경보제약,A214390,20190816,0,8090,8090,7800,7820,24093
경보제약,A214390,20190814,0,8050,8100,7990,8010,17414
경보제약,A214390,20190813,0,8040,8160,7900,8020,18008
경보제약,A214390,20190812,0,7870,8080,7870,8040,12243
경보제약,A214390,20190809,0,8030,8040,7910,7950,18776
경보제약,A214390,20190808,0,7850,8030,7840,7890,31591
경보제약,A214390,20190807,0,7600,7820,7600,7690,33652
경보제약,A214390,20190806,0,7400,7830,7340,7650,76610
경보제약,A214390,20190805,0,8500,8500,7700,7770,109631
경보제약,A214390,20190802,0,8500,8550,8280,8500,30405
경보제약,A214390,20190801,0,8550,8680,8500,8500,18422
경보제약,A214390,20190731,0,8470,8650,8460,8600,25366
경보제약,A214390,20190730,0,8390,8680,8390,8560,82304
경보제약,A214390,20190729,0,8980,9050,8560,8580,58857
경보제약,A214390,20190726,0,9280,9280,8950,8950,45400
경보제약,A214390,20190725,0,9400,9480,9230,9300,34924
경보제약,A214390,20190724,0,9360,9550,9310,9500,40275
경보제약,A214390,20190723,0,9350,9420,9320,9360,12542
경보제약,A214390,20190722,0,9400,9430,9350,9390,11024
경보제약,A214390,20190719,0,9350,9470,9350,9400,8738
경보제약,A214390,20190718,0,9420,9460,9350,9420,10074
경보제약,A214390,20190717,0,9470,9500,9300,9420,17160
경보제약,A214390,20190716,0,9500,9570,9430,9490,11540
경보제약,A214390,20190715,0,9480,9490,9370,9450,24191
경보제약,A214390,20190712,0,9450,9540,9430,9480,39707
경보제약,A214390,20190711,0,9390,9600,9390,9570,20883
경보제약,A214390,20190710,0,9400,9490,9300,9430,48940
경보제약,A214390,20190709,0,9460,9630,9370,9400,32322
경보제약,A214390,20190708,0,9600,9780,9470,9480,41699
경보제약,A214390,20190705,0,9600,9730,9600,9700,19944
경보제약,A214390,20190704,0,9770,9830,9620,9660,25333
경보제약,A214390,20190703,0,9860,9860,9730,9800,18665
경보제약,A214390,20190702,0,9870,9870,9780,9800,10031
경보제약,A214390,20190701,0,9720,9860,9720,9830,21737
경보제약,A214390,20190628,0,9860,9940,9710,9790,37402
경보제약,A214390,20190627,0,10000,10150,9820,9850,44722
경보제약,A214390,20190626,0,9950,10150,9950,9990,44147
경보제약,A214390,20190625,0,9980,10050,9920,10000,55486
경보제약,A214390,20190624,0,9960,10050,9900,9930,37042
경보제약,A214390,20190621,0,10100,10100,9940,10000,18263
경보제약,A214390,20190620,0,10000,10050,9920,10050,24738
경보제약,A214390,20190619,0,9930,10100,9930,9970,20240
경보제약,A214390,20190618,0,9920,9970,9900,9920,23544
경보제약,A214390,20190617,0,10050,10050,9920,9920,24488
경보제약,A214390,20190614,0,10150,10250,9990,10000,43055
경보제약,A214390,20190613,0,10000,10200,10000,10200,28770
경보제약,A214390,20190612,0,10050,10150,9970,10000,39692
경보제약,A214390,20190611,0,9770,10100,9690,10000,90793
경보제약,A214390,20190610,0,9630,9770,9630,9720,45762
경보제약,A214390,20190607,0,9600,9680,9590,9600,32768
경보제약,A214390,20190605,0,9700,9710,9570,9600,49036
경보제약,A214390,20190604,0,9770,9770,9600,9620,61016
경보제약,A214390,20190603,0,9740,9880,9660,9770,85043
경보제약,A214390,20190531,0,10350,10900,9850,9850,835806
경보제약,A214390,20190530,0,9480,9560,9380,9510,35258
경보제약,A214390,20190529,0,9780,9780,9470,9480,19845
경보제약,A214390,20190528,0,9740,9740,9510,9740,27331
경보제약,A214390,20190527,0,9600,9930,9540,9650,27147
경보제약,A214390,20190524,0,9510,9600,9440,9580,36657
경보제약,A214390,20190523,0,9640,9680,9450,9560,57978
경보제약,A214390,20190522,0,9750,9810,9640,9650,30358
경보제약,A214390,20190521,0,9700,9780,9700,9740,43253
경보제약,A214390,20190520,0,10000,10000,9850,9850,26745
경보제약,A214390,20190517,0,9980,10100,9930,9930,33797
경보제약,A214390,20190516,0,10050,10200,9990,10050,24346
경보제약,A214390,20190515,0,10100,10150,9990,10150,31272
경보제약,A214390,20190514,0,9890,10050,9750,9980,24596
경보제약,A214390,20190513,0,10100,10150,9880,9940,66758
경보제약,A214390,20190510,0,9920,10100,9840,10100,86301
경보제약,A214390,20190509,0,10100,10150,9940,9970,62441
경보제약,A214390,20190508,0,10100,10200,10000,10100,28133
경보제약,A214390,20190507,0,10250,10250,10050,10150,46536
경보제약,A214390,20190503,0,10250,10450,10150,10300,51623
경보제약,A214390,20190502,0,10250,10300,10150,10250,22470
경보제약,A214390,20190430,0,10300,10300,10100,10250,34995
경보제약,A214390,20190429,0,10350,10350,10200,10300,33323
경보제약,A214390,20190426,0,10300,10400,10200,10400,23702
경보제약,A214390,20190425,0,10400,10400,10250,10250,52085
경보제약,A214390,20190424,0,10450,10500,10400,10400,30744
경보제약,A214390,20190423,0,10500,10550,10400,10450,32427
경보제약,A214390,20190422,0,10450,10550,10450,10500,26740
경보제약,A214390,20190419,0,10500,10600,10400,10450,26101
경보제약,A214390,20190418,0,10500,10650,10400,10500,54763
경보제약,A214390,20190417,0,10500,10500,10400,10500,32701
경보제약,A214390,20190416,0,10550,10600,10400,10500,53774
경보제약,A214390,20190415,0,10700,10800,10550,10550,33562
경보제약,A214390,20190412,0,10750,10850,10600,10700,39567
경보제약,A214390,20190411,0,10600,10750,10600,10750,36323
경보제약,A214390,20190410,0,10600,10650,10450,10600,24619
경보제약,A214390,20190409,0,10650,10700,10550,10600,27431
경보제약,A214390,20190408,0,10650,10700,10550,10650,46193
경보제약,A214390,20190405,0,10500,10550,10350,10550,36369
경보제약,A214390,20190404,0,10500,10550,10350,10500,22437
경보제약,A214390,20190403,0,10350,10600,10300,10450,34288
경보제약,A214390,20190402,0,10450,10450,10300,10350,24216
경보제약,A214390,20190401,0,10300,10450,10250,10450,16581
경보제약,A214390,20190329,0,10200,10350,10100,10300,51338
경보제약,A214390,20190328,0,10500,10550,10200,10200,51199
경보제약,A214390,20190327,0,10550,10650,10450,10550,38163
경보제약,A214390,20190326,0,10500,10750,10500,10600,39905
경보제약,A214390,20190325,0,10500,10750,10400,10500,51667
경보제약,A214390,20190322,0,10900,10900,10650,10750,57672
경보제약,A214390,20190321,0,10850,10950,10700,10800,51938
경보제약,A214390,20190320,0,11050,11100,10750,10800,77311
경보제약,A214390,20190319,0,11250,11350,11000,11050,59192
경보제약,A214390,20190318,0,11250,11300,11050,11150,67365
경보제약,A214390,20190315,0,11300,11350,11000,11150,58936
경보제약,A214390,20190314,0,11300,11300,11050,11300,66001
경보제약,A214390,20190313,0,10950,11300,10800,11150,87209
경보제약,A214390,20190312,0,10900,11050,10800,10900,26266
경보제약,A214390,20190311,0,10900,10900,10650,10850,34406
경보제약,A214390,20190308,0,10850,10900,10600,10850,69564
경보제약,A214390,20190307,0,11200,11450,10850,10900,77202
경보제약,A214390,20190306,0,11550,11550,11200,11200,47881
경보제약,A214390,20190305,0,11150,11550,11100,11350,89071
경보제약,A214390,20190304,0,10850,11150,10850,11150,73176
경보제약,A214390,20190228,0,11000,11300,10700,10750,68187
경보제약,A214390,20190227,0,10850,11200,10800,11100,50252
경보제약,A214390,20190226,0,10950,11100,10800,10900,36956
경보제약,A214390,20190225,0,11100,11250,10900,10950,52249
경보제약,A214390,20190222,0,11100,11200,11000,11150,52859
경보제약,A214390,20190221,0,11350,11400,11150,11250,67121
경보제약,A214390,20190220,0,11000,11350,10850,11300,101805
경보제약,A214390,20190219,0,10950,11200,10750,11000,104376
경보제약,A214390,20190218,0,10600,11100,10600,10950,164478
경보제약,A214390,20190215,0,10650,10700,10400,10500,40290
경보제약,A214390,20190214,0,10700,10700,10500,10700,21921
경보제약,A214390,20190213,0,10650,10700,10500,10650,37487
경보제약,A214390,20190212,0,10550,10650,10450,10600,28632
경보제약,A214390,20190211,0,10400,10700,10350,10550,41589
경보제약,A214390,20190208,0,10400,10550,10400,10450,20906
경보제약,A214390,20190207,0,10450,10550,10300,10500,33157
경보제약,A214390,20190201,0,10550,10650,10350,10400,43439
경보제약,A214390,20190131,0,10450,10550,10300,10500,58623
경보제약,A214390,20190130,0,10600,10650,10400,10450,41435
경보제약,A214390,20190129,0,10550,10600,10350,10550,39570
경보제약,A214390,20190128,0,10450,10800,10450,10500,81579
경보제약,A214390,20190125,0,10500,10550,10300,10450,38373
경보제약,A214390,20190124,0,10400,10400,10300,10400,43596
경보제약,A214390,20190123,0,10350,10450,10250,10300,32394
경보제약,A214390,20190122,0,10450,10500,10350,10400,24562
경보제약,A214390,20190121,0,10450,10600,10350,10400,48856
경보제약,A214390,20190118,0,10300,10650,10300,10450,52592
경보제약,A214390,20190117,0,10150,10400,10150,10300,39206
경보제약,A214390,20190116,0,10050,10250,10050,10150,45467
경보제약,A214390,20190115,0,10150,10150,10000,10050,47839
경보제약,A214390,20190114,0,10100,10100,9990,10000,22751
경보제약,A214390,20190111,0,10100,10200,10000,10100,25449
경보제약,A214390,20190110,0,10100,10150,9990,10050,17382
경보제약,A214390,20190109,0,9970,10100,9970,10050,19235
경보제약,A214390,20190108,0,9910,10050,9890,9980,13085
경보제약,A214390,20190107,0,9960,10100,9910,9940,31196
경보제약,A214390,20190104,0,9800,9950,9800,9900,14584
경보제약,A214390,20190103,0,10000,10050,9710,9900,54308
경보제약,A214390,20190102,0,10300,10300,9960,10000,26717
경보제약,A214390,20181228,0,10100,10350,10000,10250,38114
경보제약,A214390,20181227,0,10000,10150,9960,10100,30880
경보제약,A214390,20181226,0,10000,10200,9870,10000,77417
경보제약,A214390,20181224,0,10250,10250,10050,10150,49352
경보제약,A214390,20181221,0,10100,10300,10100,10250,28898
경보제약,A214390,20181220,0,10100,10350,10000,10150,35070
경보제약,A214390,20181219,0,10200,10300,10100,10200,39776
경보제약,A214390,20181218,0,10200,10300,10100,10200,38126
경보제약,A214390,20181217,0,10550,10550,10100,10300,56715
경보제약,A214390,20181214,0,10550,10700,10350,10550,25842
경보제약,A214390,20181213,0,10450,10700,10350,10600,55269
경보제약,A214390,20181212,0,10200,10500,10150,10500,41265
경보제약,A214390,20181211,0,10400,10450,10150,10250,50967
경보제약,A214390,20181210,0,10650,10700,10350,10350,64727
경보제약,A214390,20181207,0,10800,10850,10500,10750,61935
경보제약,A214390,20181206,0,10400,11300,10350,10750,268713
경보제약,A214390,20181205,0,10300,10400,10200,10300,33353
경보제약,A214390,20181204,0,10450,10550,10350,10500,25143
경보제약,A214390,20181203,0,10450,10600,10350,10500,38486
경보제약,A214390,20181130,0,10300,10550,10200,10350,137989
경보제약,A214390,20181129,0,10350,10400,10150,10250,55328
경보제약,A214390,20181128,0,10100,10400,10050,10250,76025
경보제약,A214390,20181127,0,10250,10500,10050,10100,83936
경보제약,A214390,20181126,0,10100,10250,10050,10200,26384
경보제약,A214390,20181123,0,10200,10400,10000,10050,49646
경보제약,A214390,20181122,0,10200,10350,10100,10200,41903
경보제약,A214390,20181121,0,10250,10300,10100,10150,65230
경보제약,A214390,20181120,0,10600,10650,10300,10400,51741
경보제약,A214390,20181119,0,10450,10700,10200,10700,34872
경보제약,A214390,20181116,0,10150,10450,10150,10400,36866
경보제약,A214390,20181115,0,10100,10200,10000,10100,33280
경보제약,A214390,20181114,0,10250,10300,10000,10200,32955
경보제약,A214390,20181113,0,10000,10250,9970,10250,33484
경보제약,A214390,20181112,0,10500,10500,10050,10150,32960
경보제약,A214390,20181109,0,10500,10650,10250,10650,21981
경보제약,A214390,20181108,0,10500,10600,10450,10550,22575
경보제약,A214390,20181107,0,10550,10800,10250,10400,29900
경보제약,A214390,20181106,0,10650,10850,10350,10650,26672
경보제약,A214390,20181105,0,10400,10650,10200,10650,43874
경보제약,A214390,20181102,0,10200,10600,10200,10550,37917
경보제약,A214390,20181101,0,10050,10400,10050,10150,31041
경보제약,A214390,20181031,0,9970,10200,9890,10000,70031
경보제약,A214390,20181030,0,9300,10150,9300,9950,163989
경보제약,A214390,20181029,0,10200,10450,9910,9910,125286
경보제약,A214390,20181026,0,10850,10950,10000,10300,119553
경보제약,A214390,20181025,0,10800,11050,10600,10850,80764
경보제약,A214390,20181024,0,11200,11500,11100,11200,41787
경보제약,A214390,20181023,0,11450,11500,11100,11200,50735
경보제약,A214390,20181022,0,11600,11750,11350,11500,33215
경보제약,A214390,20181019,0,11550,11800,11350,11600,35707
경보제약,A214390,20181018,0,11450,11600,11350,11550,27133
경보제약,A214390,20181017,0,11400,11600,11400,11600,33577
경보제약,A214390,20181016,0,11300,11500,11250,11300,24461
경보제약,A214390,20181015,0,11500,11550,11200,11250,36906
경보제약,A214390,20181012,0,10900,11600,10900,11550,94856
경보제약,A214390,20181011,0,11500,11750,11100,11100,159393
경보제약,A214390,20181010,0,12350,12500,12000,12050,57864
경보제약,A214390,20181008,0,12350,12650,12100,12500,29316
경보제약,A214390,20181005,0,12450,12700,12150,12350,55647
경보제약,A214390,20181004,0,12850,12850,12450,12600,68755
경보제약,A214390,20181002,0,13200,13500,12750,12750,83390
경보제약,A214390,20181001,0,13400,13600,13100,13300,72362
경보제약,A214390,20180928,0,13550,13650,13250,13400,87210
경보제약,A214390,20180927,0,13050,13850,12900,13450,262101
경보제약,A214390,20180921,0,13050,13100,12850,13050,37663
경보제약,A214390,20180920,0,12750,13400,12650,13050,173408
경보제약,A214390,20180919,0,13000,13000,12650,12750,24106
경보제약,A214390,20180918,0,12650,12850,12600,12750,42047
경보제약,A214390,20180917,0,12650,12750,12550,12650,23530
경보제약,A214390,20180914,0,12750,12850,12650,12650,31315
경보제약,A214390,20180913,0,12900,13050,12600,12650,49456
경보제약,A214390,20180912,0,13050,13050,12750,12900,43245
경보제약,A214390,20180911,0,12700,13200,12700,12950,60742
경보제약,A214390,20180910,0,12800,12850,12600,12700,27974
경보제약,A214390,20180907,0,12900,12900,12600,12700,32875
경보제약,A214390,20180906,0,12800,12900,12650,12800,29024
경보제약,A214390,20180905,0,12950,13000,12700,12750,56990
경보제약,A214390,20180904,0,12500,13250,12500,13000,143915
경보제약,A214390,20180903,0,12500,12650,12450,12600,28055
경보제약,A214390,20180831,0,12400,12650,12300,12500,25264
경보제약,A214390,20180830,0,12650,12650,12250,12350,31964
경보제약,A214390,20180829,0,12450,12750,12400,12500,29731
경보제약,A214390,20180828,0,12550,13050,12400,12600,81883
경보제약,A214390,20180827,0,12650,12650,12350,12550,22554
경보제약,A214390,20180824,0,12300,12650,12150,12500,56047
경보제약,A214390,20180823,0,12250,12350,12150,12200,21003
경보제약,A214390,20180822,0,12250,12300,12100,12250,15047
경보제약,A214390,20180821,0,12100,12300,11950,12250,25956
경보제약,A214390,20180820,0,11850,12050,11850,12000,18970
경보제약,A214390,20180817,0,11800,11950,11700,11850,41738
경보제약,A214390,20180816,0,12050,12050,11500,11750,65834
경보제약,A214390,20180814,0,11950,12150,11900,12050,14058
경보제약,A214390,20180813,0,12400,12400,11950,11950,38491
경보제약,A214390,20180810,0,12400,12550,12300,12400,28346
경보제약,A214390,20180809,0,12350,12400,12100,12350,19428
경보제약,A214390,20180808,0,12300,12400,12150,12150,40178
경보제약,A214390,20180807,0,12300,12300,12150,12200,21876
경보제약,A214390,20180806,0,12300,12350,12150,12200,22435
경보제약,A214390,20180803,0,12400,12450,12200,12300,14249
경보제약,A214390,20180802,0,12250,12350,12150,12300,16452
경보제약,A214390,20180801,0,12350,12400,12150,12350,13510
경보제약,A214390,20180731,0,12200,12350,12050,12350,15984
경보제약,A214390,20180730,0,12100,12250,12050,12200,9462
경보제약,A214390,20180727,0,12000,12250,12000,12150,14539
경보제약,A214390,20180726,0,11900,12150,11750,12000,18309
경보제약,A214390,20180725,0,11900,12050,11650,11750,55984
경보제약,A214390,20180724,0,11850,12100,11850,11950,29286
경보제약,A214390,20180723,0,12300,12300,11800,11950,64524
경보제약,A214390,20180720,0,12200,12300,12150,12300,23384
경보제약,A214390,20180719,0,12500,12500,12150,12200,42115
경보제약,A214390,20180718,0,12500,12600,12350,12450,27044
경보제약,A214390,20180717,0,12700,12750,12250,12500,45878
경보제약,A214390,20180716,0,12500,12650,12450,12550,18004
경보제약,A214390,20180713,0,12500,12750,12500,12600,19614
경보제약,A214390,20180712,0,12450,12800,12300,12600,20160
경보제약,A214390,20180711,0,12650,12650,12400,12500,25502
경보제약,A214390,20180710,0,12350,12700,12350,12650,26817
경보제약,A214390,20180709,0,12350,12500,12250,12400,12431
경보제약,A214390,20180706,0,12200,12450,12100,12450,27442
경보제약,A214390,20180705,0,12000,12350,12000,12250,21507
경보제약,A214390,20180704,0,11650,12200,11650,12100,31355
경보제약,A214390,20180703,0,11900,12100,11700,11850,63838
경보제약,A214390,20180702,0,12300,12400,11750,11900,59629
경보제약,A214390,20180629,0,12450,12450,11950,12400,58604
경보제약,A214390,20180628,0,12600,12650,12300,12350,38438
경보제약,A214390,20180627,0,12700,12800,12500,12600,33231
경보제약,A214390,20180626,0,12750,12750,12500,12700,21304
경보제약,A214390,20180625,0,12700,12900,12550,12900,19373
경보제약,A214390,20180622,0,12450,12650,12350,12550,42896
경보제약,A214390,20180621,0,12700,12800,12450,12550,30139
경보제약,A214390,20180620,0,12350,12800,12300,12700,37542
경보제약,A214390,20180619,0,12950,13100,12500,12500,78188
경보제약,A214390,20180618,0,13250,13650,12900,12950,69612
경보제약,A214390,20180615,0,13200,13450,13050,13250,41216
경보제약,A214390,20180614,0,13750,13750,13250,13300,59617
경보제약,A214390,20180612,0,13600,13850,13500,13800,51562
경보제약,A214390,20180611,0,13650,13750,13450,13550,60741
경보제약,A214390,20180608,0,14000,14000,13650,13750,45885
경보제약,A214390,20180607,0,13350,14000,13250,14000,151922
경보제약,A214390,20180605,0,13200,13350,13150,13250,29536
경보제약,A214390,20180604,0,13350,13500,13100,13250,37489
경보제약,A214390,20180601,0,13100,13400,12950,13350,52357
경보제약,A214390,20180531,0,13050,13100,12750,13100,100858
경보제약,A214390,20180530,0,13200,13300,12900,13000,106026
경보제약,A214390,20180529,0,13350,13550,13300,13350,61525
경보제약,A214390,20180528,0,13300,13400,13200,13350,56376
경보제약,A214390,20180525,0,13600,13650,13350,13450,61401
경보제약,A214390,20180524,0,13350,13700,13200,13600,69750
경보제약,A214390,20180523,0,13350,13500,13250,13300,73925
경보제약,A214390,20180521,0,13500,13750,13450,13500,56629
경보제약,A214390,20180518,0,13150,13550,13150,13500,45976
경보제약,A214390,20180517,0,13250,13450,13050,13250,79742
경보제약,A214390,20180516,0,13150,13450,13050,13300,96473
경보제약,A214390,20180515,0,13200,13350,13000,13150,80977
경보제약,A214390,20180514,0,13450,13500,13100,13200,116529
경보제약,A214390,20180511,0,13300,13650,13300,13450,77985
경보제약,A214390,20180510,0,13400,13500,13050,13200,55220
경보제약,A214390,20180509,0,13200,13500,12950,13400,97124
경보제약,A214390,20180508,0,13550,13700,13050,13050,137771
경보제약,A214390,20180504,0,13650,13700,13450,13550,105486
경보제약,A214390,20180503,0,13900,14200,13700,13700,96000
경보제약,A214390,20180502,0,13950,14150,13400,14000,133270
경보제약,A214390,20180430,0,14600,14700,13850,14100,170314
경보제약,A214390,20180427,0,14850,14850,14450,14550,85770
경보제약,A214390,20180426,0,14750,14900,14700,14800,79725
경보제약,A214390,20180425,0,14600,14900,14450,14650,131804
경보제약,A214390,20180424,0,14800,15150,14650,14750,137352
경보제약,A214390,20180423,0,15500,15500,14850,15000,193274
경보제약,A214390,20180420,0,15300,15550,15150,15500,141675
경보제약,A214390,20180419,0,15750,15750,15100,15300,345305
경보제약,A214390,20180418,0,16100,16300,15700,15800,171040
경보제약,A214390,20180417,0,16500,16600,15950,16100,166417
경보제약,A214390,20180416,0,16200,16650,16150,16400,126591
경보제약,A214390,20180413,0,16100,16450,15900,16250,128773
경보제약,A214390,20180412,0,16800,17150,16000,16100,348521
경보제약,A214390,20180411,0,16800,17250,16500,16700,314034
경보제약,A214390,20180410,0,16850,16950,16400,16600,297246
경보제약,A214390,20180409,0,15950,17000,15850,16850,806615
경보제약,A214390,20180406,0,15500,16050,15200,15950,264265
경보제약,A214390,20180405,0,15850,16200,15600,15600,409467
경보제약,A214390,20180404,0,15500,15800,15250,15650,235297
경보제약,A214390,20180403,0,14850,15500,14800,15400,144492
경보제약,A214390,20180402,0,15350,15600,15050,15100,135185
경보제약,A214390,20180330,0,15250,15350,15050,15300,111074
경보제약,A214390,20180329,0,14700,15350,14600,15200,186011
경보제약,A214390,20180328,0,14850,14900,14450,14550,99845
경보제약,A214390,20180327,0,14850,14950,14700,14950,114179
경보제약,A214390,20180326,0,14350,14750,14150,14600,142158
경보제약,A214390,20180323,0,14800,15050,14300,14450,270212
경보제약,A214390,20180322,0,15600,15850,15000,15200,337675
경보제약,A214390,20180321,0,14950,15800,14950,15400,491189
경보제약,A214390,20180320,0,14550,14950,14450,14850,85910
경보제약,A214390,20180319,0,15000,15000,14600,14650,95369
경보제약,A214390,20180316,0,15100,15200,14850,15000,109220
경보제약,A214390,20180315,0,14900,15150,14850,15150,103859
경보제약,A214390,20180314,0,14800,15250,14650,15000,145445
경보제약,A214390,20180313,0,14950,15050,14650,14800,77255
경보제약,A214390,20180312,0,14750,15150,14600,14900,188246
경보제약,A214390,20180309,0,14700,14850,14500,14600,105684
경보제약,A214390,20180308,0,14400,14650,14300,14500,98120
경보제약,A214390,20180307,0,14250,14700,14200,14350,122351
경보제약,A214390,20180306,0,14150,14300,13900,14150,79045
경보제약,A214390,20180305,0,14300,14400,14050,14100,53457
경보제약,A214390,20180302,0,13900,14350,13900,14200,68013
경보제약,A214390,20180228,0,14450,14600,14000,14100,142139
경보제약,A214390,20180227,0,14800,14850,14400,14600,124395
경보제약,A214390,20180226,0,14850,15000,14600,14750,93603
경보제약,A214390,20180223,0,14750,15000,14650,14800,76809
경보제약,A214390,20180222,0,14900,15150,14600,14850,137569
경보제약,A214390,20180221,0,14700,14950,14500,14900,110084
경보제약,A214390,20180220,0,14800,14850,14600,14700,89719
경보제약,A214390,20180219,0,14250,14700,14250,14650,120660
경보제약,A214390,20180214,0,14450,14450,14050,14450,74103
경보제약,A214390,20180213,0,14700,14850,14200,14350,124452
경보제약,A214390,20180212,0,14700,14850,14400,14500,157043
경보제약,A214390,20180209,0,14100,14450,13850,14350,144973
경보제약,A214390,20180208,0,14000,14650,13850,14500,165632
경보제약,A214390,20180207,0,14250,14850,13900,13900,277664
경보제약,A214390,20180206,0,13650,14250,13400,14100,271359
경보제약,A214390,20180205,0,14500,14550,13950,14200,205059
경보제약,A214390,20180202,0,14700,14800,14300,14700,136332
경보제약,A214390,20180201,0,14850,14950,14550,14750,150261
경보제약,A214390,20180131,0,15200,15450,14750,14850,251878
경보제약,A214390,20180130,0,15250,15650,15000,15500,269425
경보제약,A214390,20180129,0,15750,16100,15200,15250,371652
경보제약,A214390,20180126,0,14500,15500,14350,15350,431537
경보제약,A214390,20180125,0,14550,14800,14150,14400,191225
경보제약,A214390,20180124,0,14400,14450,14250,14400,108102
경보제약,A214390,20180123,0,14000,14400,13800,14350,166655
경보제약,A214390,20180122,0,13750,13900,13650,13900,71573
경보제약,A214390,20180119,0,13850,14450,13850,13850,170004
경보제약,A214390,20180118,0,13700,13900,13600,13850,72574
경보제약,A214390,20180117,0,13950,13950,13550,13800,88691
경보제약,A214390,20180116,0,14200,14250,13800,13850,151128
경보제약,A214390,20180115,0,14300,14450,13900,14100,174444
경보제약,A214390,20180112,0,13800,14650,13650,14050,585664
경보제약,A214390,20180111,0,13700,13750,13400,13650,126753
경보제약,A214390,20180110,0,13450,13750,13300,13700,89504
경보제약,A214390,20180109,0,13450,13900,13300,13400,169683
경보제약,A214390,20180108,0,13450,13550,13250,13400,74260
경보제약,A214390,20180105,0,13300,13450,13200,13450,86566
경보제약,A214390,20180104,0,13350,13500,13200,13300,64350
경보제약,A214390,20180103,0,13350,13450,13150,13350,107041
경보제약,A214390,20180102,0,12600,13300,12600,13300,151746
경보제약,A214390,20171228,0,12550,12650,12400,12550,44368
경보제약,A214390,20171227,0,12600,12650,12350,12550,37268
경보제약,A214390,20171226,0,12500,12750,12450,12550,38942
경보제약,A214390,20171222,0,12350,12500,12200,12450,36424
경보제약,A214390,20171221,0,12550,12700,12350,12450,39822
경보제약,A214390,20171220,0,12250,12750,12200,12600,56591
경보제약,A214390,20171219,0,12600,12650,12200,12400,73561
경보제약,A214390,20171218,0,12800,12850,12550,12600,42601
경보제약,A214390,20171215,0,12600,12750,12500,12700,32894
경보제약,A214390,20171214,0,12800,12900,12550,12600,47773
경보제약,A214390,20171213,0,12750,13050,12750,12800,40944
경보제약,A214390,20171212,0,13000,13050,12650,12750,47523
경보제약,A214390,20171211,0,12500,13000,12500,13000,29667
경보제약,A214390,20171208,0,12650,12800,12550,12550,40480
경보제약,A214390,20171207,0,12950,13000,12550,12700,80806
경보제약,A214390,20171206,0,13200,13350,12800,12950,122875
경보제약,A214390,20171205,0,13850,13850,13200,13200,128869
경보제약,A214390,20171204,0,13350,13800,13300,13500,139485
경보제약,A214390,20171201,0,13450,13500,13250,13450,65276
경보제약,A214390,20171130,0,13200,13950,13100,13350,179160
경보제약,A214390,20171129,0,13350,13450,13050,13300,91311
경보제약,A214390,20171128,0,13300,13600,13250,13350,66270
경보제약,A214390,20171127,0,13550,13700,13350,13350,73754
경보제약,A214390,20171124,0,13700,13750,13300,13400,80725
경보제약,A214390,20171123,0,13300,13800,13200,13600,85051
경보제약,A214390,20171122,0,13950,13950,13400,13400,154158
경보제약,A214390,20171121,0,14300,14350,13800,13850,170672
경보제약,A214390,20171120,0,13750,14450,13650,14100,162954
경보제약,A214390,20171117,0,14100,14150,13700,13750,196122
경보제약,A214390,20171116,0,14250,14500,13850,14100,365377
경보제약,A214390,20171115,0,13650,14450,13350,13900,697745
경보제약,A214390,20171114,0,13150,13500,13050,13500,107962
경보제약,A214390,20171113,0,13400,13400,13050,13150,74220
경보제약,A214390,20171110,0,13500,13550,13050,13350,67134
경보제약,A214390,20171109,0,13500,13650,13300,13400,64078
경보제약,A214390,20171108,0,13050,13750,12900,13450,272304
경보제약,A214390,20171107,0,12950,13050,12850,12950,53529
경보제약,A214390,20171106,0,12900,12950,12750,12900,68084
경보제약,A214390,20171103,0,12450,13300,12400,12900,262849
경보제약,A214390,20171102,0,12650,12700,12400,12450,64937
경보제약,A214390,20171101,0,12200,12650,12150,12550,91673
경보제약,A214390,20171031,0,12200,12350,12050,12200,43401
경보제약,A214390,20171030,0,12300,12450,12100,12200,34651
경보제약,A214390,20171027,0,12400,12400,12150,12300,37684
경보제약,A214390,20171026,0,12400,12400,12200,12300,26895
경보제약,A214390,20171025,0,12400,12400,12150,12250,27011
경보제약,A214390,20171024,0,12250,12350,12150,12250,26356
경보제약,A214390,20171023,0,12100,12650,12100,12200,64966
경보제약,A214390,20171020,0,12100,12150,11900,12050,21401
경보제약,A214390,20171019,0,12100,12150,11950,12050,24689
경보제약,A214390,20171018,0,12100,12150,11900,12000,42282
경보제약,A214390,20171017,0,12200,12300,11950,12050,34721
경보제약,A214390,20171016,0,12050,12150,11850,12150,38414
경보제약,A214390,20171013,0,12150,12200,11800,11950,58440
경보제약,A214390,20171012,0,12150,12150,11900,12050,47320
경보제약,A214390,20171011,0,11900,12150,11850,12100,94435
경보제약,A214390,20171010,0,11500,11600,11350,11600,46229
경보제약,A214390,20170929,0,11550,11550,11300,11450,32908
경보제약,A214390,20170928,0,11100,11450,11100,11400,26681
경보제약,A214390,20170927,0,11100,11250,11000,11150,43103
경보제약,A214390,20170926,0,10900,11150,10800,11100,116384
경보제약,A214390,20170925,0,11650,11650,11100,11150,143595
경보제약,A214390,20170922,0,12100,12100,11700,11750,102555
경보제약,A214390,20170921,0,12300,12400,12050,12100,42494
경보제약,A214390,20170920,0,12150,12550,12050,12250,108121
경보제약,A214390,20170919,0,12100,12150,12000,12150,45795
경보제약,A214390,20170918,0,12150,12250,12050,12100,28423
경보제약,A214390,20170915,0,12200,12350,12100,12150,39371
경보제약,A214390,20170914,0,12150,12300,12050,12300,42081
경보제약,A214390,20170913,0,12350,12400,12150,12250,56330
경보제약,A214390,20170912,0,12300,12350,12150,12350,38449
경보제약,A214390,20170911,0,12200,12350,12150,12300,32820
경보제약,A214390,20170908,0,12400,12500,12200,12200,36038
경보제약,A214390,20170907,0,12400,12550,12300,12500,28527
경보제약,A214390,20170906,0,12300,12450,12250,12300,30894
경보제약,A214390,20170905,0,12500,12600,12300,12350,24991
경보제약,A214390,20170904,0,12400,12600,12300,12500,52182
경보제약,A214390,20170901,0,12650,12800,12600,12700,49004
경보제약,A214390,20170831,0,12600,12700,12450,12600,34094
경보제약,A214390,20170830,0,12600,12700,12450,12550,27546
경보제약,A214390,20170829,0,12600,12700,12300,12550,47079
경보제약,A214390,20170828,0,12350,12800,12300,12600,93855
경보제약,A214390,20170825,0,12350,12400,12200,12300,28192
경보제약,A214390,20170824,0,12300,12400,12200,12400,19778
경보제약,A214390,20170823,0,12300,12400,12300,12350,26889
경보제약,A214390,20170822,0,12250,12400,12200,12350,21093
경보제약,A214390,20170821,0,12350,12450,12200,12300,32210
경보제약,A214390,20170818,0,12200,12350,12150,12350,26707
경보제약,A214390,20170817,0,12050,12250,12050,12250,32281
경보제약,A214390,20170816,0,12100,12250,12050,12100,39552
경보제약,A214390,20170814,0,12100,12150,11950,12000,46255
경보제약,A214390,20170811,0,12200,12300,12000,12050,121120
경보제약,A214390,20170810,0,12500,12750,12200,12450,78069
경보제약,A214390,20170809,0,12750,12750,12550,12550,34205
경보제약,A214390,20170808,0,12700,12800,12600,12750,19980
경보제약,A214390,20170807,0,12600,12850,12600,12750,31118
경보제약,A214390,20170804,0,12750,12800,12550,12650,35797
경보제약,A214390,20170803,0,12900,13000,12600,12750,43748
경보제약,A214390,20170802,0,12900,12950,12800,12950,31303
경보제약,A214390,20170801,0,12800,12900,12650,12900,35301
경보제약,A214390,20170731,0,12650,12850,12550,12700,41064
경보제약,A214390,20170728,0,12800,12950,12600,12800,53843
경보제약,A214390,20170727,0,12900,12950,12800,12900,38896
경보제약,A214390,20170726,0,12900,13050,12800,12850,66873
경보제약,A214390,20170725,0,12800,12900,12500,12750,53252
경보제약,A214390,20170724,0,12900,12950,12750,12800,20632
경보제약,A214390,20170721,0,12800,12900,12700,12900,27731
경보제약,A214390,20170720,0,12900,12900,12700,12800,35925
경보제약,A214390,20170719,0,12700,12850,12650,12800,25631
경보제약,A214390,20170718,0,12650,12900,12650,12800,31883
경보제약,A214390,20170717,0,12450,12750,12450,12750,36767
경보제약,A214390,20170714,0,12450,12550,12300,12500,59770
경보제약,A214390,20170713,0,12600,12650,12500,12550,43416
경보제약,A214390,20170712,0,12750,12900,12450,12600,72954
경보제약,A214390,20170711,0,12700,12900,12700,12700,41838
경보제약,A214390,20170710,0,12900,13000,12700,12750,73236
경보제약,A214390,20170707,0,13150,13150,12800,12950,82369
경보제약,A214390,20170706,0,13100,13250,13000,13150,35300
경보제약,A214390,20170705,0,13050,13100,12950,13050,34654
경보제약,A214390,20170704,0,13150,13200,12900,13050,58258
경보제약,A214390,20170703,0,13200,13250,12950,13200,67439
경보제약,A214390,20170630,0,13100,13300,13000,13100,49311
경보제약,A214390,20170629,0,13350,13400,13050,13100,88513
경보제약,A214390,20170628,0,13500,13500,13200,13350,78793
경보제약,A214390,20170627,0,13350,13650,13350,13450,50451
경보제약,A214390,20170626,0,13800,13850,13300,13450,98376
경보제약,A214390,20170623,0,13750,13900,13750,13800,41505
경보제약,A214390,20170622,0,13650,13850,13500,13750,56493
경보제약,A214390,20170621,0,13550,13700,13450,13600,38193
경보제약,A214390,20170620,0,13850,13900,13550,13550,67367
경보제약,A214390,20170619,0,13750,13950,13550,13850,53016
경보제약,A214390,20170616,0,14050,14150,13750,13750,89129
경보제약,A214390,20170615,0,14350,14450,13850,14050,106050
경보제약,A214390,20170614,0,14600,14700,14400,14400,80003
경보제약,A214390,20170613,0,14200,14650,14200,14450,79402
경보제약,A214390,20170612,0,14350,14450,14100,14250,66131
경보제약,A214390,20170609,0,14200,14650,14200,14350,87446
경보제약,A214390,20170608,0,14400,14500,14100,14200,92037
경보제약,A214390,20170607,0,14650,14750,14300,14500,58167
경보제약,A214390,20170605,0,14350,14750,14300,14600,113092
경보제약,A214390,20170602,0,14400,14600,14250,14350,62860
경보제약,A214390,20170601,0,14500,14550,14200,14400,72235
경보제약,A214390,20170531,0,14500,14850,14450,14500,191792
경보제약,A214390,20170530,0,13850,14500,13850,14500,208392
경보제약,A214390,20170529,0,14150,14400,13900,13950,119203
경보제약,A214390,20170526,0,13750,14050,13650,14050,94855
경보제약,A214390,20170525,0,14000,14050,13700,13800,87179
경보제약,A214390,20170524,0,13450,13950,13450,13900,197184
경보제약,A214390,20170523,0,13350,13400,13200,13350,40398
경보제약,A214390,20170522,0,13400,13450,13250,13350,35955
경보제약,A214390,20170519,0,13300,13350,13200,13300,36933
경보제약,A214390,20170518,0,13200,13300,13100,13250,41323
경보제약,A214390,20170517,0,13500,13600,13250,13300,64185
경보제약,A214390,20170516,0,13800,13850,13400,13550,70780
경보제약,A214390,20170515,0,13650,13850,13550,13800,53539
경보제약,A214390,20170512,0,13600,13700,13350,13700,63159
경보제약,A214390,20170511,0,13200,13700,13200,13700,143566
경보제약,A214390,20170510,0,13350,13450,13200,13250,53687
경보제약,A214390,20170508,0,12950,13350,12900,13350,99823
경보제약,A214390,20170504,0,12900,13100,12800,12900,58210
경보제약,A214390,20170502,0,13150,13250,12900,12900,56452
경보제약,A214390,20170428,0,13450,13450,13100,13200,46912
경보제약,A214390,20170427,0,13350,13500,13250,13350,1524564
경보제약,A214390,20170426,0,13300,13550,13250,13350,33479
경보제약,A214390,20170425,0,13150,13350,13000,13350,56156
경보제약,A214390,20170424,0,13400,13400,13050,13150,39035
경보제약,A214390,20170421,0,13600,13650,13350,13400,42624
경보제약,A214390,20170420,0,13450,13600,13400,13600,43228
경보제약,A214390,20170419,0,13500,13550,13300,13400,45613
경보제약,A214390,20170418,0,13450,13600,13250,13550,62029
경보제약,A214390,20170417,0,13150,13500,13100,13450,55692
경보제약,A214390,20170414,0,13200,13300,13150,13150,52610
경보제약,A214390,20170413,0,13000,13300,13000,13200,58945
경보제약,A214390,20170412,0,13100,13150,12800,12900,72700
경보제약,A214390,20170411,0,13100,13350,13000,13150,48894
경보제약,A214390,20170410,0,13600,13600,13050,13200,80900
경보제약,A214390,20170407,0,13400,13750,13400,13650,127745
경보제약,A214390,20170406,0,13050,13450,12950,13450,92013
경보제약,A214390,20170405,0,13250,13350,12950,13200,58995
경보제약,A214390,20170404,0,13200,13350,13150,13150,92717
경보제약,A214390,20170403,0,12800,13250,12750,13200,95687
경보제약,A214390,20170331,0,12700,12800,12550,12800,45128
경보제약,A214390,20170330,0,12700,12750,12550,12700,19805
경보제약,A214390,20170329,0,12750,12800,12500,12700,38808
경보제약,A214390,20170328,0,12700,12800,12600,12800,17714
경보제약,A214390,20170327,0,12500,12850,12450,12750,68432
경보제약,A214390,20170324,0,12550,12650,12350,12500,47514
경보제약,A214390,20170323,0,12700,12700,12450,12500,33497
경보제약,A214390,20170322,0,12550,12650,12350,12600,36628
경보제약,A214390,20170321,0,12400,12600,12350,12500,25110
경보제약,A214390,20170320,0,12700,12700,12350,12450,31434
경보제약,A214390,20170317,0,12350,12800,12350,12650,45098
경보제약,A214390,20170316,0,12150,12500,12150,12450,47304
경보제약,A214390,20170315,0,12350,12400,12150,12150,51591
경보제약,A214390,20170314,0,12450,12500,12250,12350,85856
경보제약,A214390,20170313,0,12600,12600,12400,12450,37579
경보제약,A214390,20170310,0,12450,12600,12350,12550,48824
경보제약,A214390,20170309,0,12550,12700,12450,12500,52122
경보제약,A214390,20170308,0,12750,12850,12550,12600,24951
경보제약,A214390,20170307,0,12600,12850,12600,12750,29484
경보제약,A214390,20170306,0,12500,12750,12500,12650,31885
경보제약,A214390,20170303,0,12650,12750,12400,12550,73077
경보제약,A214390,20170302,0,13200,13200,12700,12700,63582
경보제약,A214390,20170228,0,13350,13400,13000,13100,55871
경보제약,A214390,20170227,0,13400,13800,13300,13350,70199
경보제약,A214390,20170224,0,13550,13700,13400,13400,48370
경보제약,A214390,20170223,0,13400,13700,13400,13650,35877
경보제약,A214390,20170222,0,13850,13850,13500,13500,66439
경보제약,A214390,20170221,0,13350,13600,13300,13500,26529
경보제약,A214390,20170220,0,13500,13750,13200,13450,50405
경보제약,A214390,20170217,0,13300,13550,13300,13450,51869
경보제약,A214390,20170216,0,13500,13550,13150,13300,44617
경보제약,A214390,20170215,0,12750,13400,12750,13400,87272
경보제약,A214390,20170214,0,12850,12900,12750,12800,35784
경보제약,A214390,20170213,0,12850,12900,12750,12850,49632
경보제약,A214390,20170210,0,12800,13050,12800,12900,28170
경보제약,A214390,20170209,0,13050,13100,12750,12900,45741
경보제약,A214390,20170208,0,13000,13150,12850,13000,30412
경보제약,A214390,20170207,0,12850,13200,12800,13000,31831
경보제약,A214390,20170206,0,12750,12900,12500,12900,64393
경보제약,A214390,20170203,0,12900,13100,12750,12900,44094
경보제약,A214390,20170202,0,13100,13300,12950,12950,51212
경보제약,A214390,20170201,0,12850,13350,12850,13350,48432
경보제약,A214390,20170131,0,13000,13100,12750,13000,46808
경보제약,A214390,20170126,0,12850,13000,12750,13000,66479
경보제약,A214390,20170125,0,13000,13050,12650,12950,54464
경보제약,A214390,20170124,0,13050,13250,12900,12950,39859
경보제약,A214390,20170123,0,13300,13450,13000,13200,42667
경보제약,A214390,20170120,0,13500,13550,13250,13400,31982
경보제약,A214390,20170119,0,13500,13750,13500,13550,25722
경보제약,A214390,20170118,0,13300,13650,13300,13550,30444
경보제약,A214390,20170117,0,13250,13400,13150,13350,37570
경보제약,A214390,20170116,0,13900,13900,13200,13300,62422
경보제약,A214390,20170113,0,13500,13900,13500,13800,52271
경보제약,A214390,20170112,0,13800,13900,13400,13600,73842
경보제약,A214390,20170111,0,13900,14000,13750,13800,49538
경보제약,A214390,20170110,0,13900,14100,13800,13900,33562
경보제약,A214390,20170109,0,14350,14550,13850,14000,74488
경보제약,A214390,20170106,0,14700,14700,14300,14350,37909
경보제약,A214390,20170105,0,14150,14800,14150,14500,117307
경보제약,A214390,20170104,0,13900,14250,13900,14050,59080
경보제약,A214390,20170103,0,13550,13950,13450,13900,44309
경보제약,A214390,20170102,0,13800,13950,13550,13600,38914
경보제약,A214390,20161229,0,14050,14050,13800,13950,22465
경보제약,A214390,20161228,0,13550,14100,13550,14050,49145
경보제약,A214390,20161227,0,13850,13950,13550,13750,68318
경보제약,A214390,20161226,0,13650,13750,13450,13750,65954
경보제약,A214390,20161223,0,13050,13700,13050,13450,77794
경보제약,A214390,20161222,0,13200,13250,13000,13150,32257
경보제약,A214390,20161221,0,13300,13350,13150,13200,31304
경보제약,A214390,20161220,0,13300,13450,13150,13300,36098
경보제약,A214390,20161219,0,13300,13550,13100,13250,29074
경보제약,A214390,20161216,0,13250,13500,13100,13400,40511
경보제약,A214390,20161215,0,13150,13450,13000,13400,45726
경보제약,A214390,20161214,0,13200,13350,13050,13150,43946
경보제약,A214390,20161213,0,12700,13200,12700,13200,78051
경보제약,A214390,20161212,0,12500,12900,12300,12800,56275
경보제약,A214390,20161209,0,11900,12500,11900,12500,83922
경보제약,A214390,20161208,0,11800,11950,11750,11850,89620
경보제약,A214390,20161207,0,12400,12450,11650,11750,173154
경보제약,A214390,20161206,0,12300,12600,12200,12350,50263
경보제약,A214390,20161205,0,12800,12850,12250,12300,91448
경보제약,A214390,20161202,0,13000,13050,12800,12800,31882
경보제약,A214390,20161201,0,13050,13050,12750,12950,41748
경보제약,A214390,20161130,0,12850,13050,12700,13000,35044
경보제약,A214390,20161129,0,12650,13050,12650,12750,45424
경보제약,A214390,20161128,0,12950,12950,12650,12650,34443
경보제약,A214390,20161125,0,12650,13000,12600,12850,48389
경보제약,A214390,20161124,0,12650,13000,12650,12700,49424
경보제약,A214390,20161123,0,13100,13150,12700,12750,83370
경보제약,A214390,20161122,0,13300,13400,13000,13100,41296
경보제약,A214390,20161121,0,13500,13550,13100,13350,36354
경보제약,A214390,20161118,0,14000,14000,13600,13650,42294
경보제약,A214390,20161117,0,13850,13950,13550,13950,43224
경보제약,A214390,20161116,0,13600,13850,13600,13800,33530
경보제약,A214390,20161115,0,13800,13900,13500,13600,57222
경보제약,A214390,20161114,0,13850,14100,13600,13950,56067
경보제약,A214390,20161111,0,13750,14200,13550,13800,94479
경보제약,A214390,20161110,0,13200,13750,13150,13750,142111
경보제약,A214390,20161109,0,13250,13600,12300,12650,194563
경보제약,A214390,20161108,0,13200,13350,13100,13250,48240
경보제약,A214390,20161107,0,13000,13200,12900,13100,67742
경보제약,A214390,20161104,0,12800,13000,12500,12900,91591
경보제약,A214390,20161103,0,12550,13100,12550,12800,146620
경보제약,A214390,20161102,0,13300,13550,12700,12800,175571
경보제약,A214390,20161101,0,13000,13850,13000,13450,100803
경보제약,A214390,20161031,0,13950,14150,13450,13450,136701
경보제약,A214390,20161028,0,14450,14500,14100,14150,60267
경보제약,A214390,20161027,0,13950,14550,13950,14450,81955
경보제약,A214390,20161026,0,14050,14450,13950,14000,101204
경보제약,A214390,20161025,0,14400,14600,13950,14250,144409
경보제약,A214390,20161024,0,14750,15000,14550,14650,56216
경보제약,A214390,20161021,0,14600,15000,14500,14800,70022
경보제약,A214390,20161020,0,15050,15300,14700,14750,105144
경보제약,A214390,20161019,0,15050,15400,15000,15100,58711
경보제약,A214390,20161018,0,15000,15250,15000,15000,57231
경보제약,A214390,20161017,0,15600,15650,14950,15150,167753
경보제약,A214390,20161014,0,15750,15900,15550,15600,43396
경보제약,A214390,20161013,0,16100,16150,15800,15800,42841
경보제약,A214390,20161012,0,15900,16250,15850,16200,32815
경보제약,A214390,20161011,0,15700,16100,15700,16100,74727
경보제약,A214390,20161010,0,15550,16000,15350,15800,73150
경보제약,A214390,20161007,0,16200,16250,15750,15750,131400
경보제약,A214390,20161006,0,16500,16600,16150,16200,115466
경보제약,A214390,20161005,0,16400,16550,16300,16400,92628
경보제약,A214390,20161004,0,16500,16800,16400,16450,122344
경보제약,A214390,20160930,0,17300,17300,16600,16600,173867
경보제약,A214390,20160929,0,17600,17700,17150,17300,121004
경보제약,A214390,20160928,0,16750,17600,16700,17550,295816
경보제약,A214390,20160927,0,16600,16900,16600,16750,74610
경보제약,A214390,20160926,0,17150,17150,16800,16800,75558
경보제약,A214390,20160923,0,16900,17200,16800,17050,90427
경보제약,A214390,20160922,0,17250,17250,16900,16900,76651
경보제약,A214390,20160921,0,17100,17250,16850,17150,100796
경보제약,A214390,20160920,0,16650,17050,16650,17050,104920
경보제약,A214390,20160919,0,16650,16800,16500,16700,67002
경보제약,A214390,20160913,0,16300,16750,16300,16650,88177
경보제약,A214390,20160912,0,15900,16500,15850,16300,106459
경보제약,A214390,20160909,0,16450,16700,16200,16400,80236
경보제약,A214390,20160908,0,16500,16700,16250,16450,125329
경보제약,A214390,20160907,0,16700,16850,16300,16450,121716
경보제약,A214390,20160906,0,17050,17150,16650,16700,98302
경보제약,A214390,20160905,0,17150,17300,16950,17000,77447
경보제약,A214390,20160902,0,16700,17050,16650,17050,73034
경보제약,A214390,20160901,0,16550,16900,16550,16650,69134
경보제약,A214390,20160831,0,16750,17000,16500,16650,91366
경보제약,A214390,20160830,0,16750,17300,16750,16900,92050
경보제약,A214390,20160829,0,17300,17500,16600,16800,204692
경보제약,A214390,20160826,0,17450,17600,17300,17450,70233
경보제약,A214390,20160825,0,17600,17700,17350,17400,102422
경보제약,A214390,20160824,0,18000,18050,17650,17700,79353
경보제약,A214390,20160823,0,18000,18300,17700,17900,176695
경보제약,A214390,20160822,0,17300,18050,17250,17850,161430
경보제약,A214390,20160819,0,17650,17650,17100,17300,114838
경보제약,A214390,20160818,0,17650,17950,17500,17550,94365
경보제약,A214390,20160817,0,17900,18050,17650,17700,111721
경보제약,A214390,20160816,0,18150,18200,17650,17700,120390
경보제약,A214390,20160812,0,18350,18350,17750,18050,137963
경보제약,A214390,20160811,0,18000,18600,17800,18050,332148
경보제약,A214390,20160810,0,17700,18000,17450,17900,201997
경보제약,A214390,20160809,0,16900,18150,16900,17800,510028
경보제약,A214390,20160808,0,16750,16950,16700,16900,90013
경보제약,A214390,20160805,0,16800,17000,16550,16700,168894
경보제약,A214390,20160804,0,17200,17300,16850,16900,125620
경보제약,A214390,20160803,0,16900,17200,16650,17200,133095
경보제약,A214390,20160802,0,17200,17450,16950,16950,200545
경보제약,A214390,20160801,0,17800,17900,16900,17150,526375
경보제약,A214390,20160729,0,17650,18250,17650,18100,212743
경보제약,A214390,20160728,0,17900,18000,17600,17700,178014
경보제약,A214390,20160727,0,18150,18300,17550,17950,272960
경보제약,A214390,20160726,0,18200,18200,17800,17900,226609
경보제약,A214390,20160725,0,18800,18850,17900,18150,271524
경보제약,A214390,20160722,0,18500,19150,18350,18600,173805
경보제약,A214390,20160721,0,18750,19100,18650,18650,206548
경보제약,A214390,20160720,0,18450,19000,18400,18700,168692
경보제약,A214390,20160719,0,19050,19100,18400,18450,239180
경보제약,A214390,20160718,0,18600,19100,18450,19050,212558
경보제약,A214390,20160715,0,19350,19500,18600,18600,579765
경보제약,A214390,20160714,0,19850,20100,19350,19350,259032
경보제약,A214390,20160713,0,19700,20300,19450,20000,452821
경보제약,A214390,20160712,0,20100,20350,19400,19600,608167
경보제약,A214390,20160711,0,20600,20650,19900,20100,422810
경보제약,A214390,20160708,0,21100,21150,20200,20400,511448
경보제약,A214390,20160707,0,20600,21200,20350,20850,598581
경보제약,A214390,20160706,0,20650,20900,19850,20350,599556
경보제약,A214390,20160705,0,21300,21600,20700,20800,833864
경보제약,A214390,20160704,0,20100,21300,19600,20800,1389714
경보제약,A214390,20160701,0,21200,21250,20150,20150,990618
경보제약,A214390,20160630,0,20500,21150,19800,20900,1925549
경보제약,A214390,20160629,0,20600,22800,20000,20000,4846203
경보제약,A214390,20160628,0,20100,20700,19000,20200,3133679
경보제약,A214390,20160627,0,16500,21750,16450,19800,8060052
경보제약,A214390,20160624,0,18400,18950,16600,16900,1558957
경보제약,A214390,20160623,0,19300,19900,17850,18000,1604308
경보제약,A214390,20160622,0,19600,20100,18600,19300,1844421
경보제약,A214390,20160621,0,16450,20200,16250,20200,3386408
경보제약,A214390,20160620,0,16100,16300,16000,16200,126159
경보제약,A214390,20160617,0,15800,16400,15700,15850,225711
경보제약,A214390,20160616,0,16150,16400,15500,15650,187393
경보제약,A214390,20160615,0,16150,16350,15800,16100,139087
경보제약,A214390,20160614,0,16400,16600,16000,16200,207896
경보제약,A214390,20160613,0,16850,17100,16400,16550,173774
경보제약,A214390,20160610,0,16600,17300,16200,17100,271978
경보제약,A214390,20160609,0,17400,17450,16500,16600,358843
경보제약,A214390,20160608,0,16650,17300,16550,17250,376837
경보제약,A214390,20160607,0,16800,16850,16600,16800,165011
경보제약,A214390,20160603,0,16750,16750,16350,16600,173316
경보제약,A214390,20160602,0,16350,16900,16300,16700,305300
경보제약,A214390,20160601,0,16100,16350,15950,16200,110937
경보제약,A214390,20160531,0,16100,16300,15900,16000,104519
경보제약,A214390,20160530,0,16350,16350,15950,16200,108854
경보제약,A214390,20160527,0,16500,16550,16050,16350,115379
경보제약,A214390,20160526,0,15700,16400,15600,16400,198167
경보제약,A214390,20160525,0,16300,16300,15700,15750,198765
경보제약,A214390,20160524,0,16450,16450,16000,16100,201028
경보제약,A214390,20160523,0,15600,16250,15450,16100,301764
경보제약,A214390,20160520,0,15050,15550,14900,15450,171068
경보제약,A214390,20160519,0,15100,15250,14900,15000,94838
경보제약,A214390,20160518,0,15250,15300,14800,14950,116401
경보제약,A214390,20160517,0,15450,15450,15150,15200,87236
경보제약,A214390,20160516,0,15450,15450,15100,15250,58496
경보제약,A214390,20160513,0,15200,15500,15150,15300,97572
경보제약,A214390,20160512,0,14950,15250,14850,15200,75504
경보제약,A214390,20160511,0,15200,15250,14950,15100,67217
경보제약,A214390,20160510,0,14650,15150,14650,15100,84985
경보제약,A214390,20160509,0,14950,15050,14700,14750,64591
경보제약,A214390,20160504,0,14900,14950,14700,14900,69412
경보제약,A214390,20160503,0,15050,15100,14850,14950,109646
경보제약,A214390,20160502,0,15600,15650,14800,14900,414633
경보제약,A214390,20160429,0,16100,16100,15700,15900,157336
경보제약,A214390,20160428,0,16350,16550,16150,16150,117251
경보제약,A214390,20160427,0,16850,16900,16200,16300,220855
경보제약,A214390,20160426,0,16200,16750,15900,16650,336178
경보제약,A214390,20160425,0,15950,16200,15800,16050,141753
경보제약,A214390,20160422,0,15950,16350,15900,16000,143933
경보제약,A214390,20160421,0,16300,16300,15800,15850,193973
경보제약,A214390,20160420,0,16100,16450,16100,16250,116754
경보제약,A214390,20160419,0,16100,16200,15900,16100,152087
경보제약,A214390,20160418,0,16600,16600,16100,16200,121159
경보제약,A214390,20160415,0,16750,16850,16550,16600,73602
경보제약,A214390,20160414,0,16600,16800,16300,16750,172628
경보제약,A214390,20160412,0,16900,17000,16350,16500,207983
경보제약,A214390,20160411,0,17600,17650,16900,17100,194312
경보제약,A214390,20160408,0,16800,17450,16650,17350,233728
경보제약,A214390,20160407,0,17650,17950,16600,16700,340485
경보제약,A214390,20160406,0,17400,17500,16900,17500,205449
경보제약,A214390,20160405,0,17450,17700,17150,17450,225377
경보제약,A214390,20160404,0,17000,17500,16800,17450,434655
경보제약,A214390,20160401,0,16250,16950,16000,16800,326357
경보제약,A214390,20160331,0,16350,16450,16000,16150,119064
경보제약,A214390,20160330,0,15950,16500,15900,16400,279451
경보제약,A214390,20160329,0,15750,15900,15500,15700,146534
경보제약,A214390,20160328,0,16250,16450,15650,15750,163615
경보제약,A214390,20160325,0,16100,16500,16000,16100,181621
경보제약,A214390,20160324,0,16150,16600,15950,16150,495919
경보제약,A214390,20160323,0,15400,15900,15250,15850,394766
경보제약,A214390,20160322,0,14600,15200,14600,14950,114117
경보제약,A214390,20160321,0,14750,14800,14500,14650,72211
경보제약,A214390,20160318,0,14900,14900,14500,14600,102274
경보제약,A214390,20160317,0,14950,14950,14750,14750,53779
경보제약,A214390,20160316,0,14650,14850,14550,14750,75695
경보제약,A214390,20160315,0,14750,14900,14600,14600,52077
경보제약,A214390,20160314,0,14750,15000,14650,14750,54868
경보제약,A214390,20160311,0,15000,15050,14650,14700,68875
경보제약,A214390,20160310,0,15150,15250,14900,15050,92341
경보제약,A214390,20160309,0,15050,15150,14800,15150,88322
경보제약,A214390,20160308,0,15100,15150,14650,14950,93729
경보제약,A214390,20160307,0,15350,15350,15000,15100,60782
경보제약,A214390,20160304,0,15200,15400,14850,15200,158521
경보제약,A214390,20160303,0,14500,15100,14300,15100,178700
경보제약,A214390,20160302,0,14150,14450,14050,14450,111820
경보제약,A214390,20160229,0,14200,14250,14000,14050,65099
경보제약,A214390,20160226,0,14150,14350,14000,14150,71925
경보제약,A214390,20160225,0,14050,14250,13950,14050,98102
경보제약,A214390,20160224,0,14150,14250,14050,14100,67080
경보제약,A214390,20160223,0,14650,14650,14100,14150,102179
경보제약,A214390,20160222,0,14200,14700,14000,14550,95856
경보제약,A214390,20160219,0,14200,14250,13950,14200,53919
경보제약,A214390,20160218,0,14100,14350,13900,14200,100762
경보제약,A214390,20160217,0,14250,14400,13750,13900,90958
경보제약,A214390,20160216,0,14000,14400,14000,14200,104742
경보제약,A214390,20160215,0,13500,14100,13450,13950,171273
경보제약,A214390,20160212,0,14550,14750,13100,13400,453121
경보제약,A214390,20160211,0,15250,15500,14350,14850,267647
경보제약,A214390,20160205,0,16050,16100,15800,15850,130928
경보제약,A214390,20160204,0,16200,16250,15500,16000,199402
경보제약,A214390,20160203,0,16400,16550,15800,15950,252556
경보제약,A214390,20160202,0,16700,16850,16500,16550,155206
경보제약,A214390,20160201,0,17150,17450,16500,16850,245754
경보제약,A214390,20160129,0,17000,17050,16200,17000,221275
경보제약,A214390,20160128,0,16950,17250,16500,16950,196681
경보제약,A214390,20160127,0,18000,18050,16900,17100,299745
경보제약,A214390,20160126,0,17150,17950,17100,17850,422622
경보제약,A214390,20160125,0,17000,17400,16650,17300,299599
경보제약,A214390,20160122,0,17200,17400,16350,16800,335451
경보제약,A214390,20160121,0,17550,18200,16850,17000,628939
경보제약,A214390,20160120,0,16650,17650,16250,17150,1035969
경보제약,A214390,20160119,0,15750,16350,15400,16350,332798
경보제약,A214390,20160118,0,15150,15600,15050,15600,166576
경보제약,A214390,20160115,0,15700,16000,15450,15500,241913
경보제약,A214390,20160114,0,15400,15700,15000,15500,232147
경보제약,A214390,20160113,0,15750,16000,15350,15800,242771
경보제약,A214390,20160112,0,16450,16600,15500,15600,385472
경보제약,A214390,20160111,0,16800,17150,16200,16250,465387
경보제약,A214390,20160108,0,16000,17000,15900,16750,927242
경보제약,A214390,20160107,0,16450,17100,15700,16400,1110192
경보제약,A214390,20160106,0,14750,16450,14750,16300,1803629
경보제약,A214390,20160105,0,13700,14300,13700,14200,126601
경보제약,A214390,20160104,0,14050,14400,13950,14000,152997
경보제약,A214390,20151230,0,14100,14200,13850,14200,152196
경보제약,A214390,20151229,0,13200,14000,13100,13900,171950
경보제약,A214390,20151228,0,13400,13400,13000,13100,110899
경보제약,A214390,20151224,0,13400,13550,13200,13400,105876
경보제약,A214390,20151223,0,13600,13600,13350,13400,80618
경보제약,A214390,20151222,0,13800,13900,13450,13500,91563
경보제약,A214390,20151221,0,13600,13850,13600,13800,58661
경보제약,A214390,20151218,0,13350,14050,13300,13800,78228
경보제약,A214390,20151217,0,13500,13600,13300,13550,65384
경보제약,A214390,20151216,0,13450,13500,13200,13400,103548
경보제약,A214390,20151215,0,12650,13200,12650,13150,103235
경보제약,A214390,20151214,0,13200,13250,12650,12700,176391
경보제약,A214390,20151211,0,13500,13600,13250,13450,94229
경보제약,A214390,20151210,0,13500,13600,13100,13400,193527
경보제약,A214390,20151209,0,13900,14300,13500,13600,336916
경보제약,A214390,20151208,0,14400,14500,13950,14050,250180
경보제약,A214390,20151207,0,15050,15100,14400,14500,224853
경보제약,A214390,20151204,0,14750,15050,14700,14950,92301
경보제약,A214390,20151203,0,15250,15350,14900,15050,209858
경보제약,A214390,20151202,0,15550,15650,15200,15350,161531
경보제약,A214390,20151201,0,15700,15800,15200,15500,219964
경보제약,A214390,20151130,0,16000,16150,15250,15650,327180
경보제약,A214390,20151127,0,15850,16400,15800,16100,306342
경보제약,A214390,20151126,0,16100,16250,15700,15750,196442
경보제약,A214390,20151125,0,15650,16150,15600,16000,302426
경보제약,A214390,20151124,0,15550,15800,15450,15550,191318
경보제약,A214390,20151123,0,15900,16100,15400,15550,293987
경보제약,A214390,20151120,0,16400,16450,15650,15900,295223
경보제약,A214390,20151119,0,16050,16450,15550,16400,376931
경보제약,A214390,20151118,0,16250,16400,15750,15900,277260
경보제약,A214390,20151117,0,16900,16950,16100,16300,434326
경보제약,A214390,20151116,0,15850,16950,15500,16600,625850
경보제약,A214390,20151113,0,15750,16550,15600,16200,522764
경보제약,A214390,20151112,0,15100,16650,15100,15900,1211587
경보제약,A214390,20151111,0,14450,14950,14400,14900,155004
경보제약,A214390,20151110,0,15300,15300,14050,14550,294942
경보제약,A214390,20151109,0,15650,15750,15100,15250,499451
경보제약,A214390,20151106,0,16050,16100,15250,15400,575340
경보제약,A214390,20151105,0,14850,15700,14700,15350,503854
경보제약,A214390,20151104,0,14400,15200,14200,14700,301606
경보제약,A214390,20151103,0,14400,14500,14100,14200,78597
경보제약,A214390,20151102,0,14950,14950,14200,14250,123742
경보제약,A214390,20151030,0,14950,15000,14650,14800,164595
경보제약,A214390,20151029,0,14900,15150,14750,14950,289082
경보제약,A214390,20151028,0,14600,14950,14400,14800,250694
경보제약,A214390,20151027,0,14100,14550,14050,14500,163073
경보제약,A214390,20151026,0,14150,14250,13950,14100,108294
경보제약,A214390,20151023,0,14200,14450,13900,14000,191025
경보제약,A214390,20151022,0,14550,14550,13950,14100,178953
경보제약,A214390,20151021,0,14800,14850,14400,14650,113804
경보제약,A214390,20151020,0,14300,14700,14100,14700,188435
경보제약,A214390,20151019,0,14200,14250,13900,14250,152063
경보제약,A214390,20151016,0,14300,14450,14000,14100,232286
경보제약,A214390,20151015,0,14000,14300,14000,14100,175197
경보제약,A214390,20151014,0,14400,14500,13950,14150,183327
경보제약,A214390,20151013,0,14700,14850,14300,14400,166470
경보제약,A214390,20151012,0,15150,15200,14700,14700,153818
경보제약,A214390,20151008,0,15350,15550,14900,15050,207663
경보제약,A214390,20151007,0,14950,15100,14650,15100,164932
경보제약,A214390,20151006,0,15200,15250,14800,14950,211406
경보제약,A214390,20151005,0,15250,15450,14700,14800,338574
경보제약,A214390,20151002,0,14900,15300,14750,14900,368602
경보제약,A214390,20151001,0,14300,15100,14300,14750,892484
경보제약,A214390,20150930,0,14950,15250,13900,14100,2055825
경보제약,A214390,20150925,0,18000,18150,17150,17300,85018
경보제약,A214390,20150924,0,18200,18400,17850,18000,40627
경보제약,A214390,20150923,0,18300,18800,18000,18000,80296
경보제약,A214390,20150922,0,18900,18900,18250,18350,101139
경보제약,A214390,20150921,0,19000,19000,18350,18900,59099
경보제약,A214390,20150918,0,18400,19350,18200,19000,210941
경보제약,A214390,20150917,0,17500,18600,17150,17800,153383
경보제약,A214390,20150916,0,17450,17550,17200,17350,48768
경보제약,A214390,20150915,0,16950,17450,16800,17200,46773
경보제약,A214390,20150914,0,17400,17650,16800,17200,48501
경보제약,A214390,20150911,0,17550,17800,17250,17400,44796
경보제약,A214390,20150910,0,17250,17800,16550,17800,62430
경보제약,A214390,20150909,0,16650,17850,16500,17650,98040
경보제약,A214390,20150908,0,17200,17300,15950,16200,51407
경보제약,A214390,20150907,0,16700,17350,16100,17000,58442
경보제약,A214390,20150904,0,17900,17900,16450,17000,55911
경보제약,A214390,20150903,0,17700,17950,17250,17600,46284
경보제약,A214390,20150902,0,17350,17600,17100,17500,84145
경보제약,A214390,20150901,0,18200,18500,17850,17900,78412
경보제약,A214390,20150831,0,18700,19100,18300,18450,56769
경보제약,A214390,20150828,0,18000,19350,17850,18850,179197
경보제약,A214390,20150827,0,17600,18000,16950,17500,136190
경보제약,A214390,20150826,0,15550,17850,15400,16950,253394
경보제약,A214390,20150825,0,14950,15800,14600,15600,137807
경보제약,A214390,20150824,0,14650,15450,14250,14600,110581
경보제약,A214390,20150821,0,14500,15400,14500,15000,157289
경보제약,A214390,20150820,0,15950,16750,15800,16000,96849
경보제약,A214390,20150819,0,17700,17750,15750,16350,188818
경보제약,A214390,20150818,0,19200,19200,17700,17950,119640
경보제약,A214390,20150817,0,19650,19650,18950,19150,78899
경보제약,A214390,20150813,0,19000,19750,19000,19500,89584
경보제약,A214390,20150812,0,20050,20200,18650,19350,163994
경보제약,A214390,20150811,0,20200,21300,20050,20250,227754
경보제약,A214390,20150810,0,20150,20250,19600,20100,82711
경보제약,A214390,20150807,0,19800,19950,19300,19950,66759
경보제약,A214390,20150806,0,20550,20700,19900,20000,127164
경보제약,A214390,20150805,0,20100,20850,19500,20450,192326
경보제약,A214390,20150804,0,19200,19950,18850,19850,149814
경보제약,A214390,20150803,0,20200,20400,19450,19500,146893
경보제약,A214390,20150731,0,18900,21750,18600,20650,539454
경보제약,A214390,20150730,0,19900,20350,18550,18700,323279
경보제약,A214390,20150729,0,23000,23000,19700,19900,708808
경보제약,A214390,20150728,0,23850,24100,22550,23250,176621
경보제약,A214390,20150727,0,25800,25800,24400,24500,94618
경보제약,A214390,20150724,0,25550,26500,24900,25600,186002
경보제약,A214390,20150723,0,26150,26450,25200,25550,101297
경보제약,A214390,20150722,0,26850,27000,26050,26050,127395
경보제약,A214390,20150721,0,27250,27400,26750,27000,112465
경보제약,A214390,20150720,0,27000,27150,26000,26850,159326
경보제약,A214390,20150717,0,28700,28700,27050,27050,223210
경보제약,A214390,20150716,0,27150,28950,26650,28700,389261
경보제약,A214390,20150715,0,26850,27700,26450,26900,293000
경보제약,A214390,20150714,0,26550,28400,26550,26800,385673
경보제약,A214390,20150713,0,28200,28300,25400,26550,446824
경보제약,A214390,20150710,0,30000,30700,28100,28150,354564
경보제약,A214390,20150709,0,29550,30450,28500,29800,372776
경보제약,A214390,20150708,0,32150,32500,28900,30750,405291
경보제약,A214390,20150707,0,36100,37600,30050,32150,941628
경보제약,A214390,20150706,0,34000,36350,33500,35050,701187
경보제약,A214390,20150703,0,33300,36300,33050,34700,882569
경보제약,A214390,20150702,0,33000,33750,32600,33000,483945
경보제약,A214390,20150701,0,33450,34800,32600,33300,831224
경보제약,A214390,20150630,0,33050,34000,28100,32000,1511196
경보제약,A214390,20150629,0,30000,38500,30000,34250,5743250
